draw,coef,se,pval
real,0.030464113945710664,0.0116354310020846,0.011666275583608998
1,0.008653066095112235,0.002332983465750138,0.0005223406076908521
2,-0.003390773582828751,0.0028586616601834047,0.24117291163727295
3,0.0024415270571707323,0.003152751653594426,0.4423341944779724
4,0.001439197800037807,0.00255191070571749,0.5752964845558042
5,-0.000993973374402676,0.0034244751607403995,0.7728210804700977
6,-0.0001837702271076524,0.0024576600490203784,0.9406925233452501
7,0.0002712448732873474,0.002725606229121583,0.9211255207318898
8,-0.004901098673721059,0.0029586353551631027,0.10387556088029859
9,-0.002101309582671601,0.0033037928216519195,0.5276580077336199
10,0.0025282304236084255,0.003206925398720024,0.4342047364183603
11,-3.1003091437781196e-05,0.003187274585526985,0.9922776893266114
12,-0.006757266444175246,0.002736332552641346,0.016990344668860846
13,0.0061645673271414165,0.002509970800368129,0.017565668062264228
14,0.00023893285339404705,0.002361682422966277,0.9198196419883145
15,-0.0014845431564880047,0.002134433894862399,0.4899491433494596
16,0.003591075614967768,0.0024709897899906582,0.15238994925069704
17,-0.0003761725696489302,0.0028846076375601912,0.8967678107880515
18,-0.004609599818284749,0.003442162761597619,0.18657551432388875
19,0.004517155664244456,0.00281912559756507,0.11538330394466634
20,0.004103422094550183,0.0045976153496138225,0.37639458864345077
21,0.0016927412954923391,0.0025312478238778066,0.5067386139046788
22,0.005513197371282349,0.003648973209188901,0.13711112620449417
23,-0.004767965677693596,0.003421644407905913,0.1696407728826348
24,0.0013896938103047855,0.0032456744607841834,0.6703676264662284
25,0.003993467546866496,0.0038591380723262767,0.30573766799575286
26,-0.0005376004253160268,0.0029357024999861177,0.8554405270029244
27,0.0065173374965694815,0.0037428240348786174,0.08778321153307278
28,0.0016125161313374887,0.003021233959230355,0.5958949061919281
29,-0.0016372054243869328,0.002891797886280949,0.5738209420540961
30,0.0023075751637119868,0.003935799599098275,0.5603089152575733
31,0.002086052801633633,0.002315992379286829,0.3720571023067536
32,-0.0016774275184678299,0.0034771202538643473,0.6316139242555607
33,0.0021108463758068062,0.0031260752916268003,0.502635117677205
34,0.003834670511760704,0.002897919833271215,0.19177186085738196
35,-0.003444676652027049,0.0028741992708486742,0.23637915583766467
36,0.006522750195013834,0.0026716065528491523,0.018207583326743215
37,-0.002373942036751191,0.003772973934995058,0.5320848028333365
38,0.007761671897657452,0.002773909037459935,0.007281468116874468
39,-0.004072843519048963,0.0030431273757231653,0.18682896099624235
40,0.004448890312151591,0.004669558946197129,0.3453035331894174
41,0.0007204526041425682,0.0028186102059919627,0.7993039850510248
42,-0.0012767057156640275,0.0027116424154168908,0.6398142287757898
43,-0.001565903933905685,0.0029556578520024373,0.598596264042994
44,0.0027176725057602787,0.003238752179311596,0.4054011041006025
45,-0.0027786234935068166,0.002310772004120546,0.23484693097100107
46,-0.000534947151495036,0.00359839014850227,0.8824175956083065
47,0.0037444538012390972,0.0031103408266522385,0.2343074185122309
48,-0.000431102350478505,0.002943338252387992,0.8841415769291381
49,0.0015617985584424135,0.003263690127340195,0.6343535664101672
50,0.003833185513846393,0.0024277295385461634,0.1206612379154346
51,0.006439948227342947,0.0038761623641144073,0.10288679542302082
52,0.0030951495693424037,0.0037895935564936176,0.4179460444847778
53,-0.0001692887267472412,0.003308458555229897,0.9593951595382175
54,0.003777646475104684,0.002943827522187697,0.2053229856524046
55,-0.0011742033377314177,0.002739942763130029,0.6700911420789879
56,0.0026474950242702396,0.002727943265871666,0.33646415771857474
57,-0.0003772567366403407,0.002625297644269148,0.8863145366155394
58,0.007164268552620978,0.004400009717727139,0.1097598851515933
59,-0.0029922271135037638,0.0032469615267702347,0.3611903726026313
60,0.00495624825956481,0.0021711247560141887,0.026729223398565427
61,0.003988103858656142,0.0032580534986424957,0.22666041103689039
62,0.0003004042537078264,0.003027185369951077,0.9213480905894214
63,0.0038298924037985112,0.0038588744823381533,0.32573775707184804
64,-9.165608267658423e-06,0.00381611198941612,0.9980931853125536
65,-0.0010444581277704343,0.0023997197004410925,0.6652600353089029
66,-3.6972139106110275e-05,0.003522943976042768,0.991668380190653
67,0.0006715564296336806,0.0021912317851307947,0.7605161050574154
68,-0.0015794195189373981,0.0027461156469335284,0.5677713430198719
69,8.741967270501112e-05,0.0026187381305193343,0.9735025812001314
70,0.00034714882600445155,0.0034677998394006047,0.9206602022728751
71,0.008599944568421643,0.003160521573315014,0.00893009207316342
72,4.800483507220874e-05,0.0025843787336995846,0.9852540728478771
73,0.005516608318460819,0.003511863263457883,0.12252503454411068
74,0.001253798036487706,0.0042201743536330475,0.7676238146624446
75,0.0017760045062746761,0.002288343859038772,0.4413404290275582
76,0.010100888275200132,0.00416241571383896,0.018884344855804036
77,-0.001640192191323586,0.002770427654961675,0.556494443052705
78,0.0010775686965591243,0.0036296585959159394,0.7677888717765486
79,-0.001151333662025781,0.003082798823126684,0.7103773418785542
80,0.001918460818603119,0.002287423029256078,0.4056297699391074
81,-0.003468501326081379,0.0020608513392891725,0.09860174660609156
82,0.007813014585903746,0.0034826681557163838,0.02933192601377077
83,-0.0006304501718135788,0.003314104538987676,0.8498972495228783
84,0.0008683210479883888,0.0028943128990862057,0.7654137594662127
85,-0.00023238658988861168,0.0028412536108957612,0.935140119419867
86,-0.002895199394874211,0.0025866084646225937,0.2683591323876864
87,0.0064506723834572436,0.0028286707780896124,0.026877947372899502
88,0.006458892479191804,0.005269733805223211,0.22606922763809623
89,0.00018384062809677753,0.0029763723047091196,0.9509948883584476
90,0.0008253690672027261,0.003202664768435338,0.7976859889566232
91,9.852487331580245e-05,0.0020330399222151688,0.9615412337063403
92,0.006639781685567169,0.0036574938465296883,0.07546338696682464
93,-0.0015850388377798453,0.0034303260679305818,0.6460379502226943
94,0.005168525013132851,0.0035385494026246964,0.1503717094073007
95,-0.0017902141198011497,0.002721440920717415,0.5136720833741448
96,0.0030850116896043696,0.003997403513443343,0.4438925496856494
97,0.0014552663680708685,0.0024853008327123706,0.560812105843683
98,-0.005765867838824329,0.0026983608328803163,0.03753037267569881
99,0.00013926702637445649,0.003053338886215033,0.9638016766356872
100,-0.0025941050451226445,0.0035642923819665657,0.4701284140830304
