label,outcome,model,fe,coef,se,pval,nobs,pct_change,control_source,overlap_policy,control_spec,day_match
fatals: any alert hour; all_non_amber_wea; all_hours,person_fatals,ols,fips_hour_dow + fips_year + year_month,0.00030146903564373727,0.00016501553354514664,0.07368492070092558,783949,,all_non_amber_wea,all_hours,direct+spillover,dow
serious: any alert hour; all_non_amber_wea; all_hours,serious_inj,ols,fips_hour_dow + fips_year + year_month,-0.00014814318136683436,9.257934883942703e-05,0.11586012700986181,783949,,all_non_amber_wea,all_hours,direct+spillover,dow
fatals: first-alert hour; all_non_amber_wea; all_hours,person_fatals,ols,fips_hour_dow + fips_year + year_month,0.0001976972245103739,0.00020084190190237036,0.3296865437641061,783949,,all_non_amber_wea,all_hours,direct+spillover,dow
serious: first-alert hour; all_non_amber_wea; all_hours,serious_inj,ols,fips_hour_dow + fips_year + year_month,-0.0001684460194133777,9.075210210116459e-05,0.0693355356989076,783949,,all_non_amber_wea,all_hours,direct+spillover,dow
fatals: tomorrow placebo; all_non_amber_wea; all_hours,person_fatals,ols,fips_hour_dow + fips_year + year_month,0.0005126447789046456,0.00047923220205338857,0.28988192227214826,783949,,all_non_amber_wea,all_hours,direct+spillover,dow
fatals: any alert hour; all_non_amber_wea; overlap_excluded,person_fatals,ols,fips_hour_dow + fips_year + year_month,0.0003121178797780102,0.00016539237098774618,0.06495415496640433,783674,,all_non_amber_wea,overlap_excluded,direct+spillover,dow
serious: any alert hour; all_non_amber_wea; overlap_excluded,serious_inj,ols,fips_hour_dow + fips_year + year_month,-0.0001466749424566528,9.124670628230766e-05,0.1142520187808409,783674,,all_non_amber_wea,overlap_excluded,direct+spillover,dow
fatals: first-alert hour; all_non_amber_wea; overlap_excluded,person_fatals,ols,fips_hour_dow + fips_year + year_month,0.00020848489081332438,0.00020200721990362234,0.30700741585319946,783674,,all_non_amber_wea,overlap_excluded,direct+spillover,dow
serious: first-alert hour; all_non_amber_wea; overlap_excluded,serious_inj,ols,fips_hour_dow + fips_year + year_month,-0.0001669980786506253,8.946968676083741e-05,0.06783673481451191,783674,,all_non_amber_wea,overlap_excluded,direct+spillover,dow
fatals: tomorrow placebo; all_non_amber_wea; overlap_excluded,person_fatals,ols,fips_hour_dow + fips_year + year_month,0.0005136935022098207,0.00047849711573410425,0.28817562131650876,783674,,all_non_amber_wea,overlap_excluded,direct+spillover,dow
fatals: any alert hour; non_weather_wea; all_hours,person_fatals,ols,fips_hour_dow + fips_year + year_month,0.00030770464945731004,0.00016307368517929784,0.06498579079909894,783949,,non_weather_wea,all_hours,direct+spillover,dow
serious: any alert hour; non_weather_wea; all_hours,serious_inj,ols,fips_hour_dow + fips_year + year_month,-0.00014832583872734678,9.146331742571123e-05,0.11115796068129002,783949,,non_weather_wea,all_hours,direct+spillover,dow
fatals: first-alert hour; non_weather_wea; all_hours,person_fatals,ols,fips_hour_dow + fips_year + year_month,0.00020421049435270135,0.00019911925223379913,0.3100311053176068,783949,,non_weather_wea,all_hours,direct+spillover,dow
serious: first-alert hour; non_weather_wea; all_hours,serious_inj,ols,fips_hour_dow + fips_year + year_month,-0.000168706262877183,8.961673985207468e-05,0.06558926684552446,783949,,non_weather_wea,all_hours,direct+spillover,dow
fatals: tomorrow placebo; non_weather_wea; all_hours,person_fatals,ols,fips_hour_dow + fips_year + year_month,0.0005082164565807654,0.00048045970816168747,0.29524354544212916,783949,,non_weather_wea,all_hours,direct+spillover,dow
fatals: any alert hour; non_weather_wea; overlap_excluded,person_fatals,ols,fips_hour_dow + fips_year + year_month,0.00030843227876896216,0.00016491310830074588,0.0673057148590257,783705,,non_weather_wea,overlap_excluded,direct+spillover,dow
serious: any alert hour; non_weather_wea; overlap_excluded,serious_inj,ols,fips_hour_dow + fips_year + year_month,-0.00014696808235504293,9.140379323141048e-05,0.11415441090342315,783705,,non_weather_wea,overlap_excluded,direct+spillover,dow
fatals: first-alert hour; non_weather_wea; overlap_excluded,person_fatals,ols,fips_hour_dow + fips_year + year_month,0.00020474285811709984,0.00020135703604710285,0.31413658134489353,783705,,non_weather_wea,overlap_excluded,direct+spillover,dow
serious: first-alert hour; non_weather_wea; overlap_excluded,serious_inj,ols,fips_hour_dow + fips_year + year_month,-0.0001673244063844906,8.961392419410988e-05,0.06774598402900711,783705,,non_weather_wea,overlap_excluded,direct+spillover,dow
fatals: tomorrow placebo; non_weather_wea; overlap_excluded,person_fatals,ols,fips_hour_dow + fips_year + year_month,0.0005120879215051493,0.00047809855697540795,0.2892708010769456,783705,,non_weather_wea,overlap_excluded,direct+spillover,dow
fatals: any alert hour; all_non_amber_wea; all_hours,person_fatals,ols,fips_hour_weekend + fips_year + year_month,0.0003551659438028732,0.00016765279362633589,0.03912781548434596,2902107,,all_non_amber_wea,all_hours,direct+spillover,weekend
serious: any alert hour; all_non_amber_wea; all_hours,serious_inj,ols,fips_hour_weekend + fips_year + year_month,-0.00010161490457540496,9.348881658991211e-05,0.28228412036899364,2902107,,all_non_amber_wea,all_hours,direct+spillover,weekend
fatals: first-alert hour; all_non_amber_wea; all_hours,person_fatals,ols,fips_hour_weekend + fips_year + year_month,0.00026402395535393176,0.00020520231456904066,0.2041410933972312,2902107,,all_non_amber_wea,all_hours,direct+spillover,weekend
serious: first-alert hour; all_non_amber_wea; all_hours,serious_inj,ols,fips_hour_weekend + fips_year + year_month,-0.0001066502479257967,9.599714568490286e-05,0.27189391548635644,2902107,,all_non_amber_wea,all_hours,direct+spillover,weekend
fatals: tomorrow placebo; all_non_amber_wea; all_hours,person_fatals,ols,fips_hour_weekend + fips_year + year_month,0.00020033802083703147,0.00019672969372520538,0.31341800770900474,2902107,,all_non_amber_wea,all_hours,direct+spillover,weekend
fatals: any alert hour; all_non_amber_wea; overlap_excluded,person_fatals,ols,fips_hour_weekend + fips_year + year_month,0.00037567503068507233,0.0001693453992005523,0.03109777506234601,2901832,,all_non_amber_wea,overlap_excluded,direct+spillover,weekend
serious: any alert hour; all_non_amber_wea; overlap_excluded,serious_inj,ols,fips_hour_weekend + fips_year + year_month,-9.482419540984531e-05,9.25356462605386e-05,0.31042219314234276,2901832,,all_non_amber_wea,overlap_excluded,direct+spillover,weekend
fatals: first-alert hour; all_non_amber_wea; overlap_excluded,person_fatals,ols,fips_hour_weekend + fips_year + year_month,0.00028535792242773286,0.0002080810865983139,0.17638048558639596,2901832,,all_non_amber_wea,overlap_excluded,direct+spillover,weekend
serious: first-alert hour; all_non_amber_wea; overlap_excluded,serious_inj,ols,fips_hour_weekend + fips_year + year_month,-9.950550146112533e-05,9.514831483564164e-05,0.3006859083603928,2901832,,all_non_amber_wea,overlap_excluded,direct+spillover,weekend
fatals: tomorrow placebo; all_non_amber_wea; overlap_excluded,person_fatals,ols,fips_hour_weekend + fips_year + year_month,0.00020034533679895406,0.00019665066241858836,0.31320805894666925,2901832,,all_non_amber_wea,overlap_excluded,direct+spillover,weekend
fatals: any alert hour; non_weather_wea; all_hours,person_fatals,ols,fips_hour_weekend + fips_year + year_month,0.0003631962474488941,0.0001644184539892425,0.03178705933035708,2902107,,non_weather_wea,all_hours,direct+spillover,weekend
serious: any alert hour; non_weather_wea; all_hours,serious_inj,ols,fips_hour_weekend + fips_year + year_month,-9.893348715156102e-05,9.17465818755003e-05,0.2860594704021324,2902107,,non_weather_wea,all_hours,direct+spillover,weekend
fatals: first-alert hour; non_weather_wea; all_hours,person_fatals,ols,fips_hour_weekend + fips_year + year_month,0.0002725012534275099,0.00020162740074096834,0.18261565951352088,2902107,,non_weather_wea,all_hours,direct+spillover,weekend
serious: first-alert hour; non_weather_wea; all_hours,serious_inj,ols,fips_hour_weekend + fips_year + year_month,-0.00010379853267863742,9.425607681535067e-05,0.2760655893717525,2902107,,non_weather_wea,all_hours,direct+spillover,weekend
fatals: tomorrow placebo; non_weather_wea; all_hours,person_fatals,ols,fips_hour_weekend + fips_year + year_month,0.00020049887142486696,0.00019663046842810787,0.31279195348101263,2902107,,non_weather_wea,all_hours,direct+spillover,weekend
fatals: any alert hour; non_weather_wea; overlap_excluded,person_fatals,ols,fips_hour_weekend + fips_year + year_month,0.0003678524047832036,0.0001688915726830733,0.03414648367341466,2901863,,non_weather_wea,overlap_excluded,direct+spillover,weekend
serious: any alert hour; non_weather_wea; overlap_excluded,serious_inj,ols,fips_hour_weekend + fips_year + year_month,-9.669869142502498e-05,9.262991051603831e-05,0.301541085010556,2901863,,non_weather_wea,overlap_excluded,direct+spillover,weekend
fatals: first-alert hour; non_weather_wea; overlap_excluded,person_fatals,ols,fips_hour_weekend + fips_year + year_month,0.00027721162665899013,0.00020736285061228964,0.1873248669134382,2901863,,non_weather_wea,overlap_excluded,direct+spillover,weekend
serious: first-alert hour; non_weather_wea; overlap_excluded,serious_inj,ols,fips_hour_weekend + fips_year + year_month,-0.0001014466589514182,9.521272193362685e-05,0.2917797951244776,2901863,,non_weather_wea,overlap_excluded,direct+spillover,weekend
fatals: tomorrow placebo; non_weather_wea; overlap_excluded,person_fatals,ols,fips_hour_weekend + fips_year + year_month,0.00020060477143010342,0.00019660710558527342,0.31248213336823283,2901863,,non_weather_wea,overlap_excluded,direct+spillover,weekend
