check,dropped,outcome,treatment,coef,se,pval,nobs,n_nonzero_spillover,coef_shift_from_baseline
baseline (all states),,fatals_0623,cross_spillover,0.03046411377736825,0.011635430932280467,0.011666275546448945,7348614,196174,0.0
drop state 13 (18.4% of spillover mass),13,fatals_0623,cross_spillover,0.02322778481324812,0.011744754321913317,0.053599313818464056,6962998,185540,-0.007236328964120131
drop state 48 (17.1% of spillover mass),48,fatals_0623,cross_spillover,0.035482130594778324,0.01268222819464889,0.0073348605388885435,6708842,180211,0.005018016817410074
drop state 37 (15.6% of spillover mass),37,fatals_0623,cross_spillover,0.033386876567948545,0.012284039333213958,0.009057324771363895,7011200,186811,0.0029227627905802946
drop state 47 (5.3% of spillover mass),47,fatals_0623,cross_spillover,0.03574541731334983,0.01135717914242715,0.002802384608781905,7072548,188999,0.005281303535981576
drop state 39 (5.0% of spillover mass),39,fatals_0623,cross_spillover,0.02928461150029255,0.01223998832624201,0.020611150849844773,7024346,186831,-0.0011795022770757016
drop state 29 (3.7% of spillover mass),29,fatals_0623,cross_spillover,0.027855742341423226,0.011937798765665298,0.023774272422022458,7133896,191251,-0.002608371435945025
drop state 51 (3.1% of spillover mass),51,fatals_0623,cross_spillover,0.03137226553347602,0.011795575466151164,0.010540058560574828,7081312,189053,0.0009081517561077661
drop state 28 (3.1% of spillover mass),28,fatals_0623,cross_spillover,0.031511745150010255,0.011738857835877881,0.009885141603264369,7116368,192637,0.0010476313726420043
drop state 01 (2.5% of spillover mass),01,fatals_0623,cross_spillover,0.02686325015578643,0.011003654639850261,0.018292717715870932,7098840,190971,-0.00360086362158182
drop state 12 (2.5% of spillover mass),12,fatals_0623,cross_spillover,0.02902902258106382,0.011761341336934898,0.017118342575249468,7090076,186610,-0.0014350911963044305
drop state 40 (2.3% of spillover mass),40,fatals_0623,cross_spillover,0.030555530901686584,0.011900268420418445,0.013341460737405386,7168952,192529,9.141712431833329e-05
drop state 45 (2.1% of spillover mass),45,fatals_0623,cross_spillover,0.030259561690809518,0.012083857446877205,0.015653479760819655,7168952,190607,-0.0002045520865587326
drop state 18 (2.0% of spillover mass),18,fatals_0623,cross_spillover,0.03246585709636924,0.01146259113292589,0.006688201991213116,7072548,190430,0.002001743319000989
drop state 26 (1.9% of spillover mass),26,fatals_0623,cross_spillover,0.027418545741026545,0.011425878440948181,0.02025536551055085,7147042,190765,-0.003045568036341706
drop state 21 (1.6% of spillover mass),21,fatals_0623,cross_spillover,0.030723258261921696,0.011927267355640758,0.013065077616717824,7125132,191702,0.0002591444845534453
drop state 17 (1.1% of spillover mass),17,fatals_0623,cross_spillover,0.031148962515205096,0.011753830088319088,0.010803479080542688,7125132,190523,0.0006848487378368455
drop state 35 (1.1% of spillover mass),35,fatals_0623,cross_spillover,0.03018189636890501,0.012132896713927095,0.016311854548434646,7256592,193720,-0.0002822174084632402
drop state 22 (1.1% of spillover mass),22,fatals_0623,cross_spillover,0.031180442827742613,0.011763625353268881,0.010790394935539016,7133896,191473,0.0007163290503743626
drop state 55 (1.0% of spillover mass),55,fatals_0623,cross_spillover,0.029837291631168526,0.011865152296097583,0.01524508968412075,7173334,192159,-0.000626822146199725
drop state 34 (0.9% of spillover mass),34,fatals_0623,cross_spillover,0.031501261481028865,0.011673445456966835,0.00952761244371425,7256592,191808,0.0010371477036606146
drop state 06 (0.9% of spillover mass),06,fatals_0623,cross_spillover,0.02814777869186296,0.011684730574965515,0.019803488586155327,7116368,186886,-0.0023163350855052896
drop state 42 (0.8% of spillover mass),42,fatals_0623,cross_spillover,0.03075594538332509,0.011680990975908488,0.011290756672184488,7094458,187995,0.0002918316059568396
drop state 08 (0.8% of spillover mass),08,fatals_0623,cross_spillover,0.030129469034988966,0.011833297398506089,0.014085970669946324,7256592,192487,-0.00033464474237928504
drop state 24 (0.7% of spillover mass),24,fatals_0623,cross_spillover,0.031770316968616825,0.011608757949306039,0.008620253803887312,7256592,192555,0.0013062031912485748
drop state 05 (0.7% of spillover mass),05,fatals_0623,cross_spillover,0.030576677149158463,0.011754413900968869,0.012246354386907132,7182098,193037,0.00011256337179021275
drop state 53 (0.7% of spillover mass),53,fatals_0623,cross_spillover,0.03145132320333611,0.011736457028078556,0.010004025311657783,7239064,193551,0.0009872094259678575
drop state 36 (0.5% of spillover mass),36,fatals_0623,cross_spillover,0.029376869077976746,0.011671236535336426,0.015156288060626855,7138278,189450,-0.0010872446993915041
drop state 27 (0.5% of spillover mass),27,fatals_0623,cross_spillover,0.031424583647281096,0.011697298157086967,0.00983164750751575,7239064,193030,0.0009604698699128451
drop state 20 (0.4% of spillover mass),20,fatals_0623,cross_spillover,0.030982584198756147,0.01175366867943533,0.01120390002135263,7252210,193608,0.0005184704213878968
drop state 49 (0.4% of spillover mass),49,fatals_0623,cross_spillover,0.029833145544162405,0.01174956759280281,0.014339440347386212,7282884,194339,-0.0006309682332058461
drop state 25 (0.3% of spillover mass),25,fatals_0623,cross_spillover,0.030830387184194404,0.011701498727452615,0.011240122072694758,7296030,193567,0.0003662734068261529
drop state 54 (0.3% of spillover mass),54,fatals_0623,cross_spillover,0.031029159189570443,0.011686991768925247,0.010667466795595937,7256592,194685,0.0005650454122021926
drop state 04 (0.3% of spillover mass),04,fatals_0623,cross_spillover,0.029398697931552205,0.01167129847905036,0.015085912391581857,7287266,194021,-0.0010654158458160458
drop state 19 (0.2% of spillover mass),19,fatals_0623,cross_spillover,0.03130579967649087,0.011739409776467431,0.010349081211820321,7282884,194084,0.0008416858991226218
drop state 16 (0.2% of spillover mass),16,fatals_0623,cross_spillover,0.030823040561063664,0.011681206616530647,0.01112647213180562,7287266,195099,0.0003589267836954131
drop state 41 (0.2% of spillover mass),41,fatals_0623,cross_spillover,0.02971926626731739,0.01169340600226402,0.01425098917791967,7247828,194098,-0.0007448475100508591
drop state 38 (0.1% of spillover mass),38,fatals_0623,cross_spillover,0.030359627201265345,0.011674621221805083,0.012271792799694703,7313558,194832,-0.00010448657610290582
drop state 33 (0.1% of spillover mass),33,fatals_0623,cross_spillover,0.03041021098894054,0.011658207560589221,0.012023410795936051,7309176,195392,-5.390278842771004e-05
drop state 56 (0.1% of spillover mass),56,fatals_0623,cross_spillover,0.030454817958054433,0.011688511344400417,0.012114351384653776,7304794,195146,-9.295819313817621e-06
drop state 31 (0.1% of spillover mass),31,fatals_0623,cross_spillover,0.03060275945551276,0.011669944216343042,0.011603462995950276,7300412,194764,0.00013864567814450904
drop state 23 (0.1% of spillover mass),23,fatals_0623,cross_spillover,0.030689242014500667,0.01164526149000424,0.011222687562885358,7296030,195294,0.00022512823713241592
drop state 11 (0.1% of spillover mass),11,fatals_0623,cross_spillover,0.03117557287912911,0.011632837578173006,0.009999716680189064,7344232,195685,0.0007114591017608578
drop state 30 (0.1% of spillover mass),30,fatals_0623,cross_spillover,0.029752634803800606,0.011634271717888984,0.013694219629836857,7304794,195202,-0.0007114789735676447
drop state 32 (0.0% of spillover mass),32,fatals_0623,cross_spillover,0.02956275129869064,0.01161700078235475,0.014134963723391403,7313558,195053,-0.0009013624786776107
drop state 10 (0.0% of spillover mass),10,fatals_0623,cross_spillover,0.03062147566848029,0.011641561468246481,0.011367455574556429,7335468,195603,0.00015736189111204002
drop state 44 (0.0% of spillover mass),44,fatals_0623,cross_spillover,0.03035521689130347,0.011648764420882108,0.012103824699696286,7335468,195646,-0.00010889688606478126
drop state 50 (0.0% of spillover mass),50,fatals_0623,cross_spillover,0.030434773685105256,0.011643906068076436,0.011860993999863068,7322322,195883,-2.9340092262995082e-05
drop state 02 (0.0% of spillover mass),02,fatals_0623,cross_spillover,0.030400177986768678,0.011641816932536977,0.011937242431214967,7331086,195532,-6.3935790599573e-05
drop state 46 (0.0% of spillover mass),46,fatals_0623,cross_spillover,0.030965575273600086,0.011632543953660167,0.010477134991522252,7331086,195808,0.0005014614962318351
drop state 15 (0.0% of spillover mass),15,fatals_0623,cross_spillover,0.030267950721593898,0.011644710263741576,0.012309234982737172,7331086,195564,-0.00019616305577435308
drop state 09 (0.0% of spillover mass),09,fatals_0623,cross_spillover,0.03047241879767453,0.011637601832280913,0.011720480319765691,7313558,196174,8.30502030628108e-06
"drop top-3 states ['13', '48', '37'] (jointly)",13+48+37,fatals_0623,cross_spillover,0.031989426486706225,0.01581080465175183,0.04875401804414303,5985812,160214,0.0015253127093379747
drop county 13121 (0.43% of spillover mass),13121,fatals_0623,cross_spillover,0.029364143381733297,0.011193720602474004,0.011515762213163638,7344232,195710,-0.001099970395634954
drop county 13247 (0.42% of spillover mass),13247,fatals_0623,cross_spillover,0.02920667704781197,0.011424944725622579,0.013660443548571877,7344232,196026,-0.0012574367295562806
drop county 13063 (0.42% of spillover mass),13063,fatals_0623,cross_spillover,0.027852715752193686,0.01052515697066232,0.010851569569899633,7344232,195810,-0.0026113980251745647
drop county 13157 (0.42% of spillover mass),13157,fatals_0623,cross_spillover,0.026739110165528615,0.010299301487114066,0.01234364805449939,7344232,196055,-0.0037250036118396355
drop county 13219 (0.40% of spillover mass),13219,fatals_0623,cross_spillover,0.03130924438542684,0.0121756344695662,0.013147576672925432,7344232,196108,0.0008451306080585926
drop county 13011 (0.39% of spillover mass),13011,fatals_0623,cross_spillover,0.03125110847564509,0.012136258560171271,0.013029262412329823,7344232,196130,0.0007869946982768418
drop county 37135 (0.39% of spillover mass),37135,fatals_0623,cross_spillover,0.031270778780659154,0.011570400952403524,0.009371596195605347,7344232,196006,0.0008066650032909038
drop county 37063 (0.38% of spillover mass),37063,fatals_0623,cross_spillover,0.032572534247391524,0.011349611577829849,0.006002513321622827,7344232,195886,0.0021084204700232735
drop county 13211 (0.36% of spillover mass),13211,fatals_0623,cross_spillover,0.029808370823087963,0.011463476491950933,0.01221531526714803,7344232,196113,-0.0006557429542802876
drop county 48229 (0.36% of spillover mass),48229,fatals_0623,cross_spillover,0.030619294796934076,0.011615090205182933,0.011139402149247246,7344232,196109,0.00015518101956582542
