spec,outcome,term,status,coef,se_state_date,pval_state_date,nobs,bootstrap_reps,estimator,pval_wild,inference,analysis_counties,excluded_no_self_loop_counties,exposure_spec
baseline_year_matched,fatal_crashes,own_driver_distance,ok,0.00010976038925276515,0.0005891050637800129,0.8529652694700298,7309176,9999,numpy_within_ols,0.8674,wild_webb,1668,9,year_matched_acs_and_lodes
baseline_year_matched,fatal_crashes,cross_driver_distance,ok,0.00032191170165855285,0.00013894334807918233,0.024734238846403463,7309176,9999,numpy_within_ols,0.0255,wild_webb,1668,9,year_matched_acs_and_lodes
state_month_sign_randomization,fatal_crashes,own_driver_distance,ok,0.00010976038925276515,0.0005891050637800129,0.8529652694700298,7309176,199,numpy_within_ols,0.865,state_month_sign_randomization,1668,9,year_matched_acs_and_lodes
state_month_sign_randomization,fatal_crashes,cross_driver_distance,ok,0.00032191170165855285,0.00013894334807918233,0.024734238846403463,7309176,199,numpy_within_ols,0.055,state_month_sign_randomization,1668,9,year_matched_acs_and_lodes
baseline_year_matched,total_fatals,own_driver_distance,ok,-0.0001963968996791668,0.0006426295043820392,0.7611927771072583,7309176,9999,numpy_within_ols,0.7865,wild_webb,1668,9,year_matched_acs_and_lodes
baseline_year_matched,total_fatals,cross_driver_distance,ok,0.0005595810248507989,0.0002123466249977495,0.011226070257813065,7309176,9999,numpy_within_ols,0.0181,wild_webb,1668,9,year_matched_acs_and_lodes
state_month_sign_randomization,total_fatals,own_driver_distance,ok,-0.0001963968996791668,0.0006426295043820392,0.7611927771072583,7309176,199,numpy_within_ols,0.795,state_month_sign_randomization,1668,9,year_matched_acs_and_lodes
state_month_sign_randomization,total_fatals,cross_driver_distance,ok,0.0005595810248507989,0.0002123466249977495,0.011226070257813065,7309176,199,numpy_within_ols,0.03,state_month_sign_randomization,1668,9,year_matched_acs_and_lodes
daily_lead_lag,fatal_crashes,own_lead_2,ok,0.00035303399704364724,0.0006456771155569032,0.5870212648301372,7309176,0,numpy_within_ols,,,1668,9,year_matched_acs_and_lodes
daily_lead_lag,fatal_crashes,own_lead_1,ok,-4.00489940676219e-05,0.0005481384298071705,0.9420529062656369,7309176,0,numpy_within_ols,,,1668,9,year_matched_acs_and_lodes
daily_lead_lag,fatal_crashes,own_post_0_2,ok,-0.000484024221687819,0.0005148215723399473,0.3517378738549394,7309176,0,numpy_within_ols,,,1668,9,year_matched_acs_and_lodes
daily_lead_lag,fatal_crashes,own_post_3_5,ok,-2.969121703639191e-05,0.00022104504616955986,0.8936981514922837,7309176,0,numpy_within_ols,,,1668,9,year_matched_acs_and_lodes
daily_lead_lag,fatal_crashes,own_post_6_8,ok,0.00011812811745131833,0.0002945468224113138,0.6901265952514315,7309176,0,numpy_within_ols,,,1668,9,year_matched_acs_and_lodes
daily_lead_lag,fatal_crashes,own_post_9_12,ok,0.0003784582531463154,0.0003446561186034145,0.27753836964096934,7309176,0,numpy_within_ols,,,1668,9,year_matched_acs_and_lodes
daily_lead_lag,fatal_crashes,own_post_13_18,ok,0.0001428035441063717,0.0002580545698589006,0.5825160999963395,7309176,0,numpy_within_ols,,,1668,9,year_matched_acs_and_lodes
daily_lead_lag,fatal_crashes,cross_lead_2,ok,-3.507319233857552e-05,0.00010272011201873598,0.7342291093598673,7309176,0,numpy_within_ols,,,1668,9,year_matched_acs_and_lodes
daily_lead_lag,fatal_crashes,cross_lead_1,ok,2.11976430427535e-05,0.00012543549300443696,0.8664983272968461,7309176,0,numpy_within_ols,,,1668,9,year_matched_acs_and_lodes
daily_lead_lag,fatal_crashes,cross_post_0_2,ok,0.0001786410641797162,0.0001385207679085436,0.2032318478230487,7309176,0,numpy_within_ols,,,1668,9,year_matched_acs_and_lodes
daily_lead_lag,fatal_crashes,cross_post_3_5,ok,4.5505543627908564e-05,7.38166346858251e-05,0.54043977217243,7309176,0,numpy_within_ols,,,1668,9,year_matched_acs_and_lodes
daily_lead_lag,fatal_crashes,cross_post_6_8,ok,-4.846824524373184e-05,0.00011646293309866794,0.6791036834831252,7309176,0,numpy_within_ols,,,1668,9,year_matched_acs_and_lodes
daily_lead_lag,fatal_crashes,cross_post_9_12,ok,-4.6436526976951274e-05,6.508946812937352e-05,0.47896640623226994,7309176,0,numpy_within_ols,,,1668,9,year_matched_acs_and_lodes
daily_lead_lag,fatal_crashes,cross_post_13_18,ok,-6.568272307005649e-05,6.305070696886546e-05,0.30264298227201797,7309176,0,numpy_within_ols,,,1668,9,year_matched_acs_and_lodes
daily_lead_lag,total_fatals,own_lead_2,ok,0.0003974184737667752,0.0006017747499408892,0.5120831483636987,7309176,0,numpy_within_ols,,,1668,9,year_matched_acs_and_lodes
daily_lead_lag,total_fatals,own_lead_1,ok,-8.067876052448493e-05,0.0006600081352346725,0.9032096769649884,7309176,0,numpy_within_ols,,,1668,9,year_matched_acs_and_lodes
daily_lead_lag,total_fatals,own_post_0_2,ok,-0.0008223819443846845,0.0005769549898672288,0.16038575284243184,7309176,0,numpy_within_ols,,,1668,9,year_matched_acs_and_lodes
daily_lead_lag,total_fatals,own_post_3_5,ok,-6.318477031995557e-05,0.0002670328771762302,0.8139395913919847,7309176,0,numpy_within_ols,,,1668,9,year_matched_acs_and_lodes
daily_lead_lag,total_fatals,own_post_6_8,ok,0.00019291128047082805,0.00032917126331476974,0.5605309522728484,7309176,0,numpy_within_ols,,,1668,9,year_matched_acs_and_lodes
daily_lead_lag,total_fatals,own_post_9_12,ok,0.0006600802974780926,0.00040706645031725374,0.111316795853358,7309176,0,numpy_within_ols,,,1668,9,year_matched_acs_and_lodes
daily_lead_lag,total_fatals,own_post_13_18,ok,0.0002113906315501794,0.0002686317537365565,0.4351206706094757,7309176,0,numpy_within_ols,,,1668,9,year_matched_acs_and_lodes
daily_lead_lag,total_fatals,cross_lead_2,ok,-1.654684439895247e-06,9.85854195830477e-05,0.9866768746434171,7309176,0,numpy_within_ols,,,1668,9,year_matched_acs_and_lodes
daily_lead_lag,total_fatals,cross_lead_1,ok,5.297739565078094e-05,0.00012898588116529668,0.6830666870696066,7309176,0,numpy_within_ols,,,1668,9,year_matched_acs_and_lodes
daily_lead_lag,total_fatals,cross_post_0_2,ok,0.000287796829815487,0.0001685868157778678,0.09413113893347268,7309176,0,numpy_within_ols,,,1668,9,year_matched_acs_and_lodes
daily_lead_lag,total_fatals,cross_post_3_5,ok,5.98598792259738e-05,8.505574590315867e-05,0.48490564688941673,7309176,0,numpy_within_ols,,,1668,9,year_matched_acs_and_lodes
daily_lead_lag,total_fatals,cross_post_6_8,ok,-0.00011869454933343163,0.00013945087267709858,0.39882281202706127,7309176,0,numpy_within_ols,,,1668,9,year_matched_acs_and_lodes
daily_lead_lag,total_fatals,cross_post_9_12,ok,-0.00014006714031197803,7.938384563580207e-05,0.08389267975055009,7309176,0,numpy_within_ols,,,1668,9,year_matched_acs_and_lodes
daily_lead_lag,total_fatals,cross_post_13_18,ok,-8.263363393181703e-05,5.872155408905324e-05,0.16567657251029771,7309176,0,numpy_within_ols,,,1668,9,year_matched_acs_and_lodes
placebo_shift_-1d,fatal_crashes,own_driver_distance,ok,-3.3567120907204115e-05,0.0005459434188071099,0.9512233749454162,7309176,0,numpy_within_ols,,,1668,9,year_matched_acs_and_lodes
placebo_shift_-1d,fatal_crashes,cross_driver_distance,ok,1.4891565041463773e-05,0.00012700036286701177,0.9071364359494964,7309176,0,numpy_within_ols,,,1668,9,year_matched_acs_and_lodes
placebo_shift_-2d,fatal_crashes,own_driver_distance,ok,0.0003662794609402005,0.0006446991724281124,0.5725343057712569,7309176,0,numpy_within_ols,,,1668,9,year_matched_acs_and_lodes
placebo_shift_-2d,fatal_crashes,cross_driver_distance,ok,-4.354719183676467e-05,0.000102690956905349,0.6733775601619295,7309176,0,numpy_within_ols,,,1668,9,year_matched_acs_and_lodes
placebo_shift_-7d,fatal_crashes,own_driver_distance,ok,0.00036659015093953927,0.0004546280166817717,0.42393637129862927,7309176,0,numpy_within_ols,,,1668,9,year_matched_acs_and_lodes
placebo_shift_-7d,fatal_crashes,cross_driver_distance,ok,-0.00010582781858476752,0.0001541222846765878,0.49554112287380603,7309176,0,numpy_within_ols,,,1668,9,year_matched_acs_and_lodes
placebo_daytime_alerts,fatal_crashes,own_driver_distance,ok,0.0005185909042133007,0.0002928820347883499,0.08283984151119446,7309176,0,numpy_within_ols,,,1668,9,year_matched_acs_and_lodes
placebo_daytime_alerts,fatal_crashes,cross_driver_distance,ok,1.7110964237966655e-06,8.43658593149035e-05,0.9839008927074628,7309176,0,numpy_within_ols,,,1668,9,year_matched_acs_and_lodes
sensitivity_county_same,fatal_crashes,own_driver_distance,ok,-0.0022959817085399115,0.0017989674061895207,0.2078736835778438,7309176,0,numpy_within_ols,,,1668,9,year_matched_acs_and_lodes
sensitivity_county_same,fatal_crashes,cross_driver_distance,ok,0.0007974946074289285,0.00030748546439043634,0.012489125996439032,7309176,0,numpy_within_ols,,,1668,9,year_matched_acs_and_lodes
sensitivity_statewide_same,fatal_crashes,own_driver_distance,ok,0.0007897119307023718,0.00046362888230876885,0.09484230496288562,7309176,0,numpy_within_ols,,,1668,9,year_matched_acs_and_lodes
sensitivity_statewide_same,fatal_crashes,cross_driver_distance,ok,0.00019244260641337253,0.0001755872122020019,0.2784388072351052,7309176,0,numpy_within_ols,,,1668,9,year_matched_acs_and_lodes
sensitivity_drop_top_1pct_exposure,fatal_crashes,own_driver_distance,ok,0.000470451266436698,0.0005920945906827207,0.4307044824301739,7306946,0,numpy_within_ols,,,1668,9,year_matched_acs_and_lodes
sensitivity_drop_top_1pct_exposure,fatal_crashes,cross_driver_distance,ok,0.00040779371788565234,0.00029405684261086146,0.17178415758259863,7306946,0,numpy_within_ols,,,1668,9,year_matched_acs_and_lodes
leave_state_out_01,fatal_crashes,own_driver_distance,ok,0.00013112660212398708,0.0005995783270144091,0.8278125091626467,7059402,0,numpy_within_ols,,analytic_only,1668,9,year_matched_acs_and_lodes
leave_state_out_01,fatal_crashes,cross_driver_distance,ok,0.00031913863041645705,0.00013894524383493455,0.02603188155021205,7059402,0,numpy_within_ols,,analytic_only,1668,9,year_matched_acs_and_lodes
leave_state_out_02,fatal_crashes,own_driver_distance,ok,0.00011543157600021542,0.0005893192169716723,0.8455366407547535,7291648,0,numpy_within_ols,,analytic_only,1668,9,year_matched_acs_and_lodes
leave_state_out_02,fatal_crashes,cross_driver_distance,ok,0.00031961446059428864,0.00013996374186096676,0.026864751084007946,7291648,0,numpy_within_ols,,analytic_only,1668,9,year_matched_acs_and_lodes
leave_state_out_04,fatal_crashes,own_driver_distance,ok,0.00029090707012589763,0.0005666324713669214,0.6100291973562537,7247828,0,numpy_within_ols,,analytic_only,1668,9,year_matched_acs_and_lodes
leave_state_out_04,fatal_crashes,cross_driver_distance,ok,0.0002823578262385754,0.0001218250026302422,0.02477283691838887,7247828,0,numpy_within_ols,,analytic_only,1668,9,year_matched_acs_and_lodes
leave_state_out_05,fatal_crashes,own_driver_distance,ok,0.00011233238369764352,0.0005911743464058295,0.8500981707951967,7142660,0,numpy_within_ols,,analytic_only,1668,9,year_matched_acs_and_lodes
leave_state_out_05,fatal_crashes,cross_driver_distance,ok,0.00032271813495711037,0.00013919427702717852,0.02472921820465583,7142660,0,numpy_within_ols,,analytic_only,1668,9,year_matched_acs_and_lodes
leave_state_out_06,fatal_crashes,own_driver_distance,ok,0.00046848031714265726,0.00044083755011730546,0.2932331669720955,7076930,0,numpy_within_ols,,analytic_only,1668,9,year_matched_acs_and_lodes
leave_state_out_06,fatal_crashes,cross_driver_distance,ok,0.00026625450187181543,0.00011338004665691454,0.023024642759401588,7076930,0,numpy_within_ols,,analytic_only,1668,9,year_matched_acs_and_lodes
leave_state_out_08,fatal_crashes,own_driver_distance,ok,7.117268722078783e-05,0.0005991245018905119,0.9059339518125156,7217154,0,numpy_within_ols,,analytic_only,1668,9,year_matched_acs_and_lodes
leave_state_out_08,fatal_crashes,cross_driver_distance,ok,0.0003304969957736356,0.00014245976582850058,0.02464336339862253,7217154,0,numpy_within_ols,,analytic_only,1668,9,year_matched_acs_and_lodes
leave_state_out_10,fatal_crashes,own_driver_distance,ok,0.00011639404754981876,0.0005892676617174652,0.8442522020528314,7296030,0,numpy_within_ols,,analytic_only,1668,9,year_matched_acs_and_lodes
leave_state_out_10,fatal_crashes,cross_driver_distance,ok,0.00032366458159695157,0.00013988993567989126,0.025011323145549342,7296030,0,numpy_within_ols,,analytic_only,1668,9,year_matched_acs_and_lodes
leave_state_out_11,fatal_crashes,own_driver_distance,ok,0.00010940538952883333,0.0005888261462016369,0.853382587264667,7304794,0,numpy_within_ols,,analytic_only,1668,9,year_matched_acs_and_lodes
leave_state_out_11,fatal_crashes,cross_driver_distance,ok,0.0003223588886379696,0.00013901558363107525,0.024705896846831672,7304794,0,numpy_within_ols,,analytic_only,1668,9,year_matched_acs_and_lodes
leave_state_out_12,fatal_crashes,own_driver_distance,ok,0.00028372787351050655,0.0005719572013454528,0.6221125959094156,7050638,0,numpy_within_ols,,analytic_only,1668,9,year_matched_acs_and_lodes
leave_state_out_12,fatal_crashes,cross_driver_distance,ok,0.00030279532543619846,0.00014043537388706227,0.03611518220686297,7050638,0,numpy_within_ols,,analytic_only,1668,9,year_matched_acs_and_lodes
leave_state_out_13,fatal_crashes,own_driver_distance,ok,2.5561658535739328e-05,0.0006356393787458563,0.9680892486479649,6923560,0,numpy_within_ols,,analytic_only,1668,9,year_matched_acs_and_lodes
leave_state_out_13,fatal_crashes,cross_driver_distance,ok,0.000274453723215369,0.00010854676610578288,0.014800062539356396,6923560,0,numpy_within_ols,,analytic_only,1668,9,year_matched_acs_and_lodes
leave_state_out_15,fatal_crashes,own_driver_distance,ok,0.00012721307161934619,0.0005881535329723995,0.8296765177464671,7291648,0,numpy_within_ols,,analytic_only,1668,9,year_matched_acs_and_lodes
leave_state_out_15,fatal_crashes,cross_driver_distance,ok,0.00031461828355939354,0.00013668056579801063,0.02572603701058027,7291648,0,numpy_within_ols,,analytic_only,1668,9,year_matched_acs_and_lodes
leave_state_out_16,fatal_crashes,own_driver_distance,ok,0.00012118085108900109,0.0005901550061666994,0.8381769255996951,7247828,0,numpy_within_ols,,analytic_only,1668,9,year_matched_acs_and_lodes
leave_state_out_16,fatal_crashes,cross_driver_distance,ok,0.0003156399674131372,0.00013662147546084213,0.02521346674358394,7247828,0,numpy_within_ols,,analytic_only,1668,9,year_matched_acs_and_lodes
leave_state_out_17,fatal_crashes,own_driver_distance,ok,0.0001697801743581856,0.0005865148766562314,0.7734662027724474,7085694,0,numpy_within_ols,,analytic_only,1668,9,year_matched_acs_and_lodes
leave_state_out_17,fatal_crashes,cross_driver_distance,ok,0.0003125310034409322,0.00013613060646229966,0.02609664691840971,7085694,0,numpy_within_ols,,analytic_only,1668,9,year_matched_acs_and_lodes
leave_state_out_18,fatal_crashes,own_driver_distance,ok,8.555746095986255e-05,0.0005968778292167176,0.8866204269378903,7033110,0,numpy_within_ols,,analytic_only,1668,9,year_matched_acs_and_lodes
leave_state_out_18,fatal_crashes,cross_driver_distance,ok,0.00032772918200564327,0.00014126871463300162,0.024645299189138554,7033110,0,numpy_within_ols,,analytic_only,1668,9,year_matched_acs_and_lodes
leave_state_out_19,fatal_crashes,own_driver_distance,ok,0.00011046343474649517,0.0005918774692640135,0.8527355433427173,7243446,0,numpy_within_ols,,analytic_only,1668,9,year_matched_acs_and_lodes
leave_state_out_19,fatal_crashes,cross_driver_distance,ok,0.00032085758128698027,0.00013872982385036023,0.025064073263548533,7243446,0,numpy_within_ols,,analytic_only,1668,9,year_matched_acs_and_lodes
leave_state_out_20,fatal_crashes,own_driver_distance,ok,0.00012587795848765268,0.0005894011907041047,0.8317875717168585,7212772,0,numpy_within_ols,,analytic_only,1668,9,year_matched_acs_and_lodes
leave_state_out_20,fatal_crashes,cross_driver_distance,ok,0.00032242751327229833,0.00014077051919217747,0.026430467227575957,7212772,0,numpy_within_ols,,analytic_only,1668,9,year_matched_acs_and_lodes
leave_state_out_21,fatal_crashes,own_driver_distance,ok,3.0453783500496864e-05,0.0005974898272826495,0.9595613086572583,7085694,0,numpy_within_ols,,analytic_only,1668,9,year_matched_acs_and_lodes
leave_state_out_21,fatal_crashes,cross_driver_distance,ok,0.0003285563373253641,0.00014023560146695093,0.02332754733793111,7085694,0,numpy_within_ols,,analytic_only,1668,9,year_matched_acs_and_lodes
leave_state_out_22,fatal_crashes,own_driver_distance,ok,4.3841137994736104e-05,0.0005960591395363859,0.9416727948670769,7094458,0,numpy_within_ols,,analytic_only,1668,9,year_matched_acs_and_lodes
leave_state_out_22,fatal_crashes,cross_driver_distance,ok,0.00032851694969519477,0.00014244470321450424,0.02545715585240074,7094458,0,numpy_within_ols,,analytic_only,1668,9,year_matched_acs_and_lodes
leave_state_out_23,fatal_crashes,own_driver_distance,ok,0.00010640058976114085,0.0005915021871672044,0.8580024717764413,7256592,0,numpy_within_ols,,analytic_only,1668,9,year_matched_acs_and_lodes
leave_state_out_23,fatal_crashes,cross_driver_distance,ok,0.00032421585480360424,0.00013974070465730312,0.024632060686264,7256592,0,numpy_within_ols,,analytic_only,1668,9,year_matched_acs_and_lodes
leave_state_out_24,fatal_crashes,own_driver_distance,ok,8.872976660783885e-05,0.0005948595727611755,0.8820516446275578,7217154,0,numpy_within_ols,,analytic_only,1668,9,year_matched_acs_and_lodes
leave_state_out_24,fatal_crashes,cross_driver_distance,ok,0.00033074936095336873,0.0001421314919271406,0.02422752753465862,7217154,0,numpy_within_ols,,analytic_only,1668,9,year_matched_acs_and_lodes
leave_state_out_25,fatal_crashes,own_driver_distance,ok,8.157441448892304e-05,0.0005938929696808968,0.8913244230268558,7256592,0,numpy_within_ols,,analytic_only,1668,9,year_matched_acs_and_lodes
leave_state_out_25,fatal_crashes,cross_driver_distance,ok,0.00032212610534846064,0.0001383562076045781,0.02415984439014904,7256592,0,numpy_within_ols,,analytic_only,1668,9,year_matched_acs_and_lodes
leave_state_out_26,fatal_crashes,own_driver_distance,ok,5.164786266088091e-05,0.000604254558912878,0.9322403489160149,7107604,0,numpy_within_ols,,analytic_only,1668,9,year_matched_acs_and_lodes
leave_state_out_26,fatal_crashes,cross_driver_distance,ok,0.0003212092457695781,0.00013828068675360408,0.024470848225168807,7107604,0,numpy_within_ols,,analytic_only,1668,9,year_matched_acs_and_lodes
leave_state_out_27,fatal_crashes,own_driver_distance,ok,6.779652998445246e-05,0.000595238693481785,0.9097936840226457,7199626,0,numpy_within_ols,,analytic_only,1668,9,year_matched_acs_and_lodes
leave_state_out_27,fatal_crashes,cross_driver_distance,ok,0.00032935834729451723,0.0001406748261098014,0.023417960237134657,7199626,0,numpy_within_ols,,analytic_only,1668,9,year_matched_acs_and_lodes
leave_state_out_28,fatal_crashes,own_driver_distance,ok,8.990670209745967e-05,0.0006060889430827722,0.8826965687153023,7076930,0,numpy_within_ols,,analytic_only,1668,9,year_matched_acs_and_lodes
leave_state_out_28,fatal_crashes,cross_driver_distance,ok,0.0003089656670629241,0.0001358105183976362,0.027413694524131855,7076930,0,numpy_within_ols,,analytic_only,1668,9,year_matched_acs_and_lodes
leave_state_out_29,fatal_crashes,own_driver_distance,ok,0.0001799774113700035,0.0006763921334882768,0.7913138381128383,7094458,0,numpy_within_ols,,analytic_only,1668,9,year_matched_acs_and_lodes
leave_state_out_29,fatal_crashes,cross_driver_distance,ok,0.0003469610519772392,0.00022299562876687098,0.1262990725364485,7094458,0,numpy_within_ols,,analytic_only,1668,9,year_matched_acs_and_lodes
leave_state_out_30,fatal_crashes,own_driver_distance,ok,0.0001483441829404883,0.0005863879504960614,0.8013643059360112,7265356,0,numpy_within_ols,,analytic_only,1668,9,year_matched_acs_and_lodes
leave_state_out_30,fatal_crashes,cross_driver_distance,ok,0.0003081720439649449,0.00013333212075808485,0.02515438098028126,7265356,0,numpy_within_ols,,analytic_only,1668,9,year_matched_acs_and_lodes
leave_state_out_31,fatal_crashes,own_driver_distance,ok,0.00010244807356194903,0.0005904613474044246,0.8629840367790774,7260974,0,numpy_within_ols,,analytic_only,1668,9,year_matched_acs_and_lodes
leave_state_out_31,fatal_crashes,cross_driver_distance,ok,0.00032394324001398686,0.00013953711525677154,0.024548147729974466,7260974,0,numpy_within_ols,,analytic_only,1668,9,year_matched_acs_and_lodes
leave_state_out_32,fatal_crashes,own_driver_distance,ok,0.00014372056719747832,0.0005892497321461196,0.8083444100257077,7274120,0,numpy_within_ols,,analytic_only,1668,9,year_matched_acs_and_lodes
leave_state_out_32,fatal_crashes,cross_driver_distance,ok,0.00030909979644953443,0.00013429952249311645,0.025743166256854064,7274120,0,numpy_within_ols,,analytic_only,1668,9,year_matched_acs_and_lodes
leave_state_out_33,fatal_crashes,own_driver_distance,ok,9.85395384644422e-05,0.0005906547648122353,0.8682038349192969,7269738,0,numpy_within_ols,,analytic_only,1668,9,year_matched_acs_and_lodes
leave_state_out_33,fatal_crashes,cross_driver_distance,ok,0.00032186600611988983,0.00013856393614495132,0.02447135101017951,7269738,0,numpy_within_ols,,analytic_only,1668,9,year_matched_acs_and_lodes
leave_state_out_34,fatal_crashes,own_driver_distance,ok,0.00012678932637132033,0.0005893483915512135,0.8305737353022222,7217154,0,numpy_within_ols,,analytic_only,1668,9,year_matched_acs_and_lodes
leave_state_out_34,fatal_crashes,cross_driver_distance,ok,0.0003214701995488277,0.00013938126129276325,0.025449176882453163,7217154,0,numpy_within_ols,,analytic_only,1668,9,year_matched_acs_and_lodes
leave_state_out_35,fatal_crashes,own_driver_distance,ok,0.00017076710058913652,0.0006008696611077808,0.7774796213931218,7217154,0,numpy_within_ols,,analytic_only,1668,9,year_matched_acs_and_lodes
leave_state_out_35,fatal_crashes,cross_driver_distance,ok,0.0003144420103267728,0.0001389612215908926,0.028209958214854197,7217154,0,numpy_within_ols,,analytic_only,1668,9,year_matched_acs_and_lodes
leave_state_out_36,fatal_crashes,own_driver_distance,ok,0.00016382440535575907,0.0005864995995668866,0.7811949613185744,7098840,0,numpy_within_ols,,analytic_only,1668,9,year_matched_acs_and_lodes
leave_state_out_36,fatal_crashes,cross_driver_distance,ok,0.0003190043892587559,0.00013895205988563865,0.026098495809049597,7098840,0,numpy_within_ols,,analytic_only,1668,9,year_matched_acs_and_lodes
leave_state_out_37,fatal_crashes,own_driver_distance,ok,-5.977215717222056e-05,0.0006802868176936306,0.9303509740851175,6971762,0,numpy_within_ols,,analytic_only,1668,9,year_matched_acs_and_lodes
leave_state_out_37,fatal_crashes,cross_driver_distance,ok,0.00032695830186604293,0.00014049541441095732,0.024220857540224596,6971762,0,numpy_within_ols,,analytic_only,1668,9,year_matched_acs_and_lodes
leave_state_out_38,fatal_crashes,own_driver_distance,ok,8.105250663539051e-05,0.0005987275422821015,0.892881817687706,7274120,0,numpy_within_ols,,analytic_only,1668,9,year_matched_acs_and_lodes
leave_state_out_38,fatal_crashes,cross_driver_distance,ok,0.0003489731719937746,0.00015291216670636204,0.026951865468888447,7274120,0,numpy_within_ols,,analytic_only,1668,9,year_matched_acs_and_lodes
leave_state_out_39,fatal_crashes,own_driver_distance,ok,0.0001683444906380755,0.0006043102066790045,0.7817691774382285,6984908,0,numpy_within_ols,,analytic_only,1668,9,year_matched_acs_and_lodes
leave_state_out_39,fatal_crashes,cross_driver_distance,ok,0.0003060573080757315,0.00013380513884789374,0.02662565561260169,6984908,0,numpy_within_ols,,analytic_only,1668,9,year_matched_acs_and_lodes
leave_state_out_40,fatal_crashes,own_driver_distance,ok,4.627974620487773e-05,0.0006057859631062362,0.9394214363178179,7129514,0,numpy_within_ols,,analytic_only,1668,9,year_matched_acs_and_lodes
leave_state_out_40,fatal_crashes,cross_driver_distance,ok,0.00032992233251569317,0.0001421970151437142,0.02462895134710942,7129514,0,numpy_within_ols,,analytic_only,1668,9,year_matched_acs_and_lodes
leave_state_out_41,fatal_crashes,own_driver_distance,ok,0.0001443797039039712,0.0005867464348188544,0.8066785693900557,7208390,0,numpy_within_ols,,analytic_only,1668,9,year_matched_acs_and_lodes
leave_state_out_41,fatal_crashes,cross_driver_distance,ok,0.00031234228284179747,0.00013501234468082989,0.025027626936376092,7208390,0,numpy_within_ols,,analytic_only,1668,9,year_matched_acs_and_lodes
leave_state_out_42,fatal_crashes,own_driver_distance,ok,9.823016928120483e-05,0.0005959245101678172,0.8697648291990389,7055020,0,numpy_within_ols,,analytic_only,1668,9,year_matched_acs_and_lodes
leave_state_out_42,fatal_crashes,cross_driver_distance,ok,0.0003286902745952582,0.0001425900979284087,0.025525931332512065,7055020,0,numpy_within_ols,,analytic_only,1668,9,year_matched_acs_and_lodes
leave_state_out_44,fatal_crashes,own_driver_distance,ok,0.00010961161241249548,0.0005893011960276211,0.8532264854052637,7296030,0,numpy_within_ols,,analytic_only,1668,9,year_matched_acs_and_lodes
leave_state_out_44,fatal_crashes,cross_driver_distance,ok,0.0003220344199555115,0.00013901864362094325,0.024846656695590972,7296030,0,numpy_within_ols,,analytic_only,1668,9,year_matched_acs_and_lodes
leave_state_out_45,fatal_crashes,own_driver_distance,ok,7.142868785206184e-05,0.0005959842065191695,0.9051022391569186,7129514,0,numpy_within_ols,,analytic_only,1668,9,year_matched_acs_and_lodes
leave_state_out_45,fatal_crashes,cross_driver_distance,ok,0.0003123141708578296,0.00013507021390559942,0.02509913885951104,7129514,0,numpy_within_ols,,analytic_only,1668,9,year_matched_acs_and_lodes
leave_state_out_46,fatal_crashes,own_driver_distance,ok,0.00011195008867852497,0.0005891464443832533,0.8500941523372445,7296030,0,numpy_within_ols,,analytic_only,1668,9,year_matched_acs_and_lodes
leave_state_out_46,fatal_crashes,cross_driver_distance,ok,0.0003214766656023779,0.00013876988052709065,0.02483876935324598,7296030,0,numpy_within_ols,,analytic_only,1668,9,year_matched_acs_and_lodes
leave_state_out_47,fatal_crashes,own_driver_distance,ok,1.0979125666081038e-05,0.0006283292593094133,0.9861312861772196,7033110,0,numpy_within_ols,,analytic_only,1668,9,year_matched_acs_and_lodes
leave_state_out_47,fatal_crashes,cross_driver_distance,ok,0.00034414319664289445,0.00014758151224581497,0.023950152843369047,7033110,0,numpy_within_ols,,analytic_only,1668,9,year_matched_acs_and_lodes
leave_state_out_48,fatal_crashes,own_driver_distance,ok,-0.00029351776929766857,0.0006426359749467933,0.6499179525669665,6669404,0,numpy_within_ols,,analytic_only,1668,9,year_matched_acs_and_lodes
leave_state_out_48,fatal_crashes,cross_driver_distance,ok,0.0005370389052328234,0.0002093251193724245,0.013479465638191782,6669404,0,numpy_within_ols,,analytic_only,1668,9,year_matched_acs_and_lodes
leave_state_out_49,fatal_crashes,own_driver_distance,ok,7.686785501982027e-05,0.0005982689601813153,0.8983029693400759,7243446,0,numpy_within_ols,,analytic_only,1668,9,year_matched_acs_and_lodes
leave_state_out_49,fatal_crashes,cross_driver_distance,ok,0.00032420987896040874,0.00013997868853855478,0.024867151834122414,7243446,0,numpy_within_ols,,analytic_only,1668,9,year_matched_acs_and_lodes
leave_state_out_50,fatal_crashes,own_driver_distance,ok,0.00011068529288254081,0.0005894744381679311,0.8518489105414653,7282884,0,numpy_within_ols,,analytic_only,1668,9,year_matched_acs_and_lodes
leave_state_out_50,fatal_crashes,cross_driver_distance,ok,0.00032269811912035725,0.00013942858373758643,0.024968254563655437,7282884,0,numpy_within_ols,,analytic_only,1668,9,year_matched_acs_and_lodes
leave_state_out_51,fatal_crashes,own_driver_distance,ok,0.00012381926635264,0.0005969057038305065,0.8365475401531454,7041874,0,numpy_within_ols,,analytic_only,1668,9,year_matched_acs_and_lodes
leave_state_out_51,fatal_crashes,cross_driver_distance,ok,0.0003235084523650715,0.00014111869792712804,0.026305151402425543,7041874,0,numpy_within_ols,,analytic_only,1668,9,year_matched_acs_and_lodes
leave_state_out_53,fatal_crashes,own_driver_distance,ok,0.0001841511604191504,0.0005905003830112028,0.7565004897388928,7199626,0,numpy_within_ols,,analytic_only,1668,9,year_matched_acs_and_lodes
leave_state_out_53,fatal_crashes,cross_driver_distance,ok,0.0003192901682709411,0.00014103262657865544,0.028134426483361067,7199626,0,numpy_within_ols,,analytic_only,1668,9,year_matched_acs_and_lodes
leave_state_out_54,fatal_crashes,own_driver_distance,ok,0.00010940550617856785,0.0005904312813949926,0.853776384912967,7217154,0,numpy_within_ols,,analytic_only,1668,9,year_matched_acs_and_lodes
leave_state_out_54,fatal_crashes,cross_driver_distance,ok,0.00032306204864072507,0.00013942781499219894,0.02481281754670976,7217154,0,numpy_within_ols,,analytic_only,1668,9,year_matched_acs_and_lodes
leave_state_out_55,fatal_crashes,own_driver_distance,ok,-1.838126221205889e-05,0.0005936174711443886,0.9754259867584207,7133896,0,numpy_within_ols,,analytic_only,1668,9,year_matched_acs_and_lodes
leave_state_out_55,fatal_crashes,cross_driver_distance,ok,0.00032414179337771114,0.0001375173836160886,0.02254498109074876,7133896,0,numpy_within_ols,,analytic_only,1668,9,year_matched_acs_and_lodes
leave_state_out_56,fatal_crashes,own_driver_distance,ok,0.00010667822850033574,0.0005926009211284555,0.8578970791810661,7265356,0,numpy_within_ols,,analytic_only,1668,9,year_matched_acs_and_lodes
leave_state_out_56,fatal_crashes,cross_driver_distance,ok,0.0003292255668527042,0.00014230916004173688,0.025026548967844956,7265356,0,numpy_within_ols,,analytic_only,1668,9,year_matched_acs_and_lodes
zero_vs_positive_exposure,fatal_crashes,own_bin_pos,ok,0.0024378813733526737,0.001151566804083119,0.03935990438915417,7309176,0,numpy_within_ols,,,1668,9,year_matched_acs_and_lodes
zero_vs_positive_exposure,fatal_crashes,cross_bin_pos,ok,0.0007509369145325749,0.0007180147072110447,0.3007614549144949,7309176,0,numpy_within_ols,,,1668,9,year_matched_acs_and_lodes
positive_exposure_quantiles,fatal_crashes,own_q1,ok,0.0008354332912089602,0.0029409414983220575,0.7775536981795104,7309176,0,numpy_within_ols,,,1668,9,year_matched_acs_and_lodes
positive_exposure_quantiles,fatal_crashes,own_q2,ok,0.005926882890391758,0.002987149828297346,0.05285764521067939,7309176,0,numpy_within_ols,,,1668,9,year_matched_acs_and_lodes
positive_exposure_quantiles,fatal_crashes,own_q3,ok,0.0013994821191165084,0.00331534882157488,0.6747823051062221,7309176,0,numpy_within_ols,,,1668,9,year_matched_acs_and_lodes
positive_exposure_quantiles,fatal_crashes,own_q4,ok,0.002698532853055574,0.004391784600118618,0.5417606196570421,7309176,0,numpy_within_ols,,,1668,9,year_matched_acs_and_lodes
positive_exposure_quantiles,fatal_crashes,cross_q1,ok,-0.0022392445510771666,0.0016917046623452327,0.1917580287424301,7309176,0,numpy_within_ols,,,1668,9,year_matched_acs_and_lodes
positive_exposure_quantiles,fatal_crashes,cross_q2,ok,0.0025843100222408765,0.0013763374442800067,0.06638466258852552,7309176,0,numpy_within_ols,,,1668,9,year_matched_acs_and_lodes
positive_exposure_quantiles,fatal_crashes,cross_q3,ok,0.0020466828083941266,0.0010211551170613493,0.0505831329658039,7309176,0,numpy_within_ols,,,1668,9,year_matched_acs_and_lodes
positive_exposure_quantiles,fatal_crashes,cross_q4,ok,0.0004665890836801313,0.0009815815333166385,0.6366538590359159,7309176,0,numpy_within_ols,,,1668,9,year_matched_acs_and_lodes
