record_type,status,sample,state,model,outcome,term,beta,se,pvalue,n_obs,exposure_mode,input_n,fitted_n,zero_share_input,terms_requested,terms_produced,error_reason,irr,pct_change,expected_fits,produced_fits,expected_terms,produced_terms
fit_status,ok,spillover_joint,ALL,WLS_TWFE,crashes_per_100k,,,,,,,2408047.0,2408047.0,0.31224473608696174,night_alert|log_spillover_commuters,night_alert|log_spillover_commuters,,,,,,,
fit_status,ok,spillover_joint,ALL,PPML_raw_count,crashes,,,,,,,2408047.0,2408047.0,0.31224473608696174,night_alert|log_spillover_commuters,night_alert|log_spillover_commuters,,,,,,,
fit_status,ok,direct_vs_clean,ALL,WLS_TWFE,crashes_per_100k,,,,,,,2392418.0,2392418.0,0.31368264241449445,night_alert,night_alert,,,,,,,
fit_status,ok,spillover_joint,ALL,WLS_TWFE,fatals_per_100k,,,,,,,2349647.0,2349647.0,0.9629944412926708,night_alert|log_spillover_commuters,night_alert|log_spillover_commuters,,,,,,,
fit_status,ok,spillover_joint,ALL,PPML_raw_count,fatals,,,,,,,2349647.0,2330275.0,0.9629944412926708,night_alert|log_spillover_commuters,night_alert|log_spillover_commuters,,,,,,,
fit_status,ok,direct_vs_clean,ALL,WLS_TWFE,fatals_per_100k,,,,,,,2334655.0,2334655.0,0.9635029586812612,night_alert,night_alert,,,,,,,
fit_status,ok,spillover_joint,ALL,WLS_TWFE,serious_per_100k,,,,,,,1502791.0,1502791.0,0.8834442048162385,night_alert|log_spillover_commuters,night_alert|log_spillover_commuters,,,,,,,
fit_status,ok,spillover_joint,ALL,PPML_raw_count,serious_inj,,,,,,,1502791.0,1502535.0,0.8834442048162385,night_alert|log_spillover_commuters,night_alert|log_spillover_commuters,,,,,,,
fit_status,ok,direct_vs_clean,ALL,WLS_TWFE,serious_per_100k,,,,,,,1494868.0,1494865.0,0.8846419884565059,night_alert,night_alert,,,,,,,
fit_status,ok,spillover_joint,CA,WLS_TWFE,crashes_per_100k,,,,,,,169476.0,169476.0,0.13498666477849372,night_alert|log_spillover_commuters,night_alert|log_spillover_commuters,,,,,,,
fit_status,ok,spillover_joint,CA,PPML_raw_count,crashes,,,,,,,169476.0,169476.0,0.13498666477849372,night_alert|log_spillover_commuters,night_alert|log_spillover_commuters,,,,,,,
fit_status,ok,direct_vs_clean,CA,WLS_TWFE,crashes_per_100k,,,,,,,166663.0,166663.0,0.13646700227405004,night_alert,night_alert,,,,,,,
fit_status,ok,spillover_joint,CA,WLS_TWFE,fatals_per_100k,,,,,,,169476.0,169476.0,0.8662229460218556,night_alert|log_spillover_commuters,night_alert|log_spillover_commuters,,,,,,,
fit_status,ok,spillover_joint,CA,PPML_raw_count,fatals,,,,,,,169476.0,169476.0,0.8662229460218556,night_alert|log_spillover_commuters,night_alert|log_spillover_commuters,,,,,,,
fit_status,ok,direct_vs_clean,CA,WLS_TWFE,fatals_per_100k,,,,,,,166663.0,166663.0,0.8677930914480119,night_alert,night_alert,,,,,,,
fit_status,skipped,spillover_joint,CA,WLS_TWFE,serious_per_100k,,,,,,,0.0,0.0,,night_alert,,insufficient_estimable_sample,,,,,,
fit_status,skipped,spillover_joint,CA,PPML_raw_count,serious_inj,,,,,,,0.0,0.0,,night_alert|log_spillover_commuters,,insufficient_estimable_sample,,,,,,
fit_status,skipped,direct_vs_clean,CA,WLS_TWFE,serious_per_100k,,,,,,,0.0,0.0,,night_alert,,insufficient_estimable_sample,,,,,,
fit_status,skipped,spillover_joint,CT,WLS_TWFE,crashes_per_100k,,,,,,,17536.0,0.0,0.00239507299270073,night_alert,,insufficient_estimable_sample,,,,,,
fit_status,skipped,spillover_joint,CT,PPML_raw_count,crashes,,,,,,,17536.0,0.0,0.00239507299270073,night_alert,,insufficient_estimable_sample,,,,,,
fit_status,skipped,direct_vs_clean,CT,WLS_TWFE,crashes_per_100k,,,,,,,17536.0,0.0,0.00239507299270073,night_alert,,insufficient_estimable_sample,,,,,,
fit_status,skipped,spillover_joint,CT,WLS_TWFE,fatals_per_100k,,,,,,,17536.0,0.0,0.9145757299270073,night_alert,,insufficient_estimable_sample,,,,,,
fit_status,skipped,spillover_joint,CT,PPML_raw_count,fatals,,,,,,,17536.0,0.0,0.9145757299270073,night_alert,,insufficient_estimable_sample,,,,,,
fit_status,skipped,direct_vs_clean,CT,WLS_TWFE,fatals_per_100k,,,,,,,17536.0,0.0,0.9145757299270073,night_alert,,insufficient_estimable_sample,,,,,,
fit_status,skipped,spillover_joint,CT,WLS_TWFE,serious_per_100k,,,,,,,17536.0,0.0,0.7079721715328468,night_alert,,insufficient_estimable_sample,,,,,,
fit_status,skipped,spillover_joint,CT,PPML_raw_count,serious_inj,,,,,,,17536.0,0.0,0.7079721715328468,night_alert,,insufficient_estimable_sample,,,,,,
fit_status,skipped,direct_vs_clean,CT,WLS_TWFE,serious_per_100k,,,,,,,17536.0,0.0,0.7079721715328468,night_alert,,insufficient_estimable_sample,,,,,,
fit_status,partial,spillover_joint,DE,WLS_TWFE,crashes_per_100k,,,,,,,12051.0,12051.0,0.0,night_alert|log_spillover_commuters,log_spillover_commuters,missing_coefficient,,,,,,
fit_status,partial,spillover_joint,DE,PPML_raw_count,crashes,,,,,,,12051.0,12051.0,0.0,night_alert|log_spillover_commuters,log_spillover_commuters,missing_coefficient,,,,,,
fit_status,failed,direct_vs_clean,DE,WLS_TWFE,crashes_per_100k,,,,,,,11884.0,0.0,0.0,night_alert,,"
            All variables are collinear. Maybe your model specification introduces multicollinearity? If not, please reach out to the package authors!.
            ",,,,,,
fit_status,skipped,spillover_joint,DE,WLS_TWFE,fatals_per_100k,,,,,,,0.0,0.0,,night_alert,,insufficient_estimable_sample,,,,,,
fit_status,skipped,spillover_joint,DE,PPML_raw_count,fatals,,,,,,,0.0,0.0,,night_alert|log_spillover_commuters,,insufficient_estimable_sample,,,,,,
fit_status,skipped,direct_vs_clean,DE,WLS_TWFE,fatals_per_100k,,,,,,,0.0,0.0,,night_alert,,insufficient_estimable_sample,,,,,,
fit_status,skipped,spillover_joint,DE,WLS_TWFE,serious_per_100k,,,,,,,0.0,0.0,,night_alert,,insufficient_estimable_sample,,,,,,
fit_status,skipped,spillover_joint,DE,PPML_raw_count,serious_inj,,,,,,,0.0,0.0,,night_alert|log_spillover_commuters,,insufficient_estimable_sample,,,,,,
fit_status,skipped,direct_vs_clean,DE,WLS_TWFE,serious_per_100k,,,,,,,0.0,0.0,,night_alert,,insufficient_estimable_sample,,,,,,
fit_status,partial,spillover_joint,FL,WLS_TWFE,crashes_per_100k,,,,,,,122342.0,122342.0,0.1920517892465384,night_alert|log_spillover_commuters,log_spillover_commuters,nonfinite_coefficient,,,,,,
fit_status,partial,spillover_joint,FL,PPML_raw_count,crashes,,,,,,,122342.0,122342.0,0.1920517892465384,night_alert|log_spillover_commuters,log_spillover_commuters,nonfinite_coefficient,,,,,,
fit_status,failed,direct_vs_clean,FL,WLS_TWFE,crashes_per_100k,,,,,,,121364.0,0.0,0.1934511057644771,night_alert,,"
            All variables are collinear. Maybe your model specification introduces multicollinearity? If not, please reach out to the package authors!.
            ",,,,,,
fit_status,partial,spillover_joint,FL,WLS_TWFE,fatals_per_100k,,,,,,,122342.0,122342.0,0.9060911216099132,night_alert|log_spillover_commuters,log_spillover_commuters,nonfinite_coefficient,,,,,,
fit_status,partial,spillover_joint,FL,PPML_raw_count,fatals,,,,,,,122342.0,122141.0,0.9060911216099132,night_alert|log_spillover_commuters,log_spillover_commuters,nonfinite_coefficient,,,,,,
fit_status,failed,direct_vs_clean,FL,WLS_TWFE,fatals_per_100k,,,,,,,121364.0,0.0,0.9069328631225075,night_alert,,"
            All variables are collinear. Maybe your model specification introduces multicollinearity? If not, please reach out to the package authors!.
            ",,,,,,
fit_status,ok,spillover_joint,FL,WLS_TWFE,serious_per_100k,,,,,,,122342.0,122342.0,0.6796357751221984,night_alert|log_spillover_commuters,night_alert|log_spillover_commuters,,,,,,,
fit_status,ok,spillover_joint,FL,PPML_raw_count,serious_inj,,,,,,,122342.0,122342.0,0.6796357751221984,night_alert|log_spillover_commuters,night_alert|log_spillover_commuters,,,,,,,
fit_status,failed,direct_vs_clean,FL,WLS_TWFE,serious_per_100k,,,,,,,121364.0,0.0,0.6821297913714116,night_alert,,"
            All variables are collinear. Maybe your model specification introduces multicollinearity? If not, please reach out to the package authors!.
            ",,,,,,
fit_status,skipped,spillover_joint,HI,WLS_TWFE,crashes_per_100k,,,,,,,0.0,0.0,,night_alert,,insufficient_estimable_sample,,,,,,
fit_status,skipped,spillover_joint,HI,PPML_raw_count,crashes,,,,,,,0.0,0.0,,night_alert|log_spillover_commuters,,insufficient_estimable_sample,,,,,,
fit_status,skipped,direct_vs_clean,HI,WLS_TWFE,crashes_per_100k,,,,,,,0.0,0.0,,night_alert,,insufficient_estimable_sample,,,,,,
fit_status,ok,spillover_joint,HI,WLS_TWFE,fatals_per_100k,,,,,,,7300.0,7300.0,0.9486301369863014,night_alert|log_spillover_commuters,night_alert|log_spillover_commuters,,,,,,,
fit_status,partial,spillover_joint,HI,PPML_raw_count,fatals,,,,,,,7300.0,1380.0,0.9486301369863014,night_alert|log_spillover_commuters,log_spillover_commuters,missing_coefficient,,,,,,
fit_status,failed,direct_vs_clean,HI,WLS_TWFE,fatals_per_100k,,,,,,,7198.0,0.0,0.9491525423728814,night_alert,,"
            All variables are collinear. Maybe your model specification introduces multicollinearity? If not, please reach out to the package authors!.
            ",,,,,,
fit_status,skipped,spillover_joint,HI,WLS_TWFE,serious_per_100k,,,,,,,0.0,0.0,,night_alert,,insufficient_estimable_sample,,,,,,
fit_status,skipped,spillover_joint,HI,PPML_raw_count,serious_inj,,,,,,,0.0,0.0,,night_alert|log_spillover_commuters,,insufficient_estimable_sample,,,,,,
fit_status,skipped,direct_vs_clean,HI,WLS_TWFE,serious_per_100k,,,,,,,0.0,0.0,,night_alert,,insufficient_estimable_sample,,,,,,
fit_status,partial,spillover_joint,IA,WLS_TWFE,crashes_per_100k,,,,,,,325413.0,325413.0,0.508403167666934,night_alert|log_spillover_commuters,log_spillover_commuters,missing_coefficient,,,,,,
fit_status,partial,spillover_joint,IA,PPML_raw_count,crashes,,,,,,,325413.0,325413.0,0.508403167666934,night_alert|log_spillover_commuters,log_spillover_commuters,missing_coefficient,,,,,,
fit_status,failed,direct_vs_clean,IA,WLS_TWFE,crashes_per_100k,,,,,,,324477.0,0.0,0.5093242356160838,night_alert,,"
            All variables are collinear. Maybe your model specification introduces multicollinearity? If not, please reach out to the package authors!.
            ",,,,,,
fit_status,partial,spillover_joint,IA,WLS_TWFE,fatals_per_100k,,,,,,,325413.0,325413.0,0.9914539369969854,night_alert|log_spillover_commuters,log_spillover_commuters,missing_coefficient,,,,,,
fit_status,partial,spillover_joint,IA,PPML_raw_count,fatals,,,,,,,325413.0,181170.0,0.9914539369969854,night_alert|log_spillover_commuters,log_spillover_commuters,missing_coefficient,,,,,,
fit_status,failed,direct_vs_clean,IA,WLS_TWFE,fatals_per_100k,,,,,,,324477.0,0.0,0.9915032498451354,night_alert,,"
            All variables are collinear. Maybe your model specification introduces multicollinearity? If not, please reach out to the package authors!.
            ",,,,,,
fit_status,partial,spillover_joint,IA,WLS_TWFE,serious_per_100k,,,,,,,325413.0,325413.0,0.9676595587760783,night_alert|log_spillover_commuters,log_spillover_commuters,missing_coefficient,,,,,,
fit_status,partial,spillover_joint,IA,PPML_raw_count,serious_inj,,,,,,,325413.0,304623.0,0.9676595587760783,night_alert|log_spillover_commuters,log_spillover_commuters,missing_coefficient,,,,,,
fit_status,failed,direct_vs_clean,IA,WLS_TWFE,serious_per_100k,,,,,,,324477.0,0.0,0.967862128902819,night_alert,,"
            All variables are collinear. Maybe your model specification introduces multicollinearity? If not, please reach out to the package authors!.
            ",,,,,,
fit_status,partial,spillover_joint,IDCOMPASS,WLS_TWFE,crashes_per_100k,,,,,,,8034.0,8034.0,0.0011202389843166542,night_alert|log_spillover_commuters,log_spillover_commuters,missing_coefficient,,,,,,
fit_status,partial,spillover_joint,IDCOMPASS,PPML_raw_count,crashes,,,,,,,8034.0,8034.0,0.0011202389843166542,night_alert|log_spillover_commuters,log_spillover_commuters,missing_coefficient,,,,,,
fit_status,failed,direct_vs_clean,IDCOMPASS,WLS_TWFE,crashes_per_100k,,,,,,,7911.0,0.0,0.0011376564277588168,night_alert,,"
            All variables are collinear. Maybe your model specification introduces multicollinearity? If not, please reach out to the package authors!.
            ",,,,,,
fit_status,partial,spillover_joint,IDCOMPASS,WLS_TWFE,fatals_per_100k,,,,,,,8034.0,8034.0,0.9414986308190192,night_alert|log_spillover_commuters,log_spillover_commuters,missing_coefficient,,,,,,
fit_status,partial,spillover_joint,IDCOMPASS,PPML_raw_count,fatals,,,,,,,8034.0,906.0,0.9414986308190192,night_alert|log_spillover_commuters,log_spillover_commuters,missing_coefficient,,,,,,
fit_status,failed,direct_vs_clean,IDCOMPASS,WLS_TWFE,fatals_per_100k,,,,,,,7911.0,0.0,0.9418531159145493,night_alert,,"
            All variables are collinear. Maybe your model specification introduces multicollinearity? If not, please reach out to the package authors!.
            ",,,,,,
fit_status,partial,spillover_joint,IDCOMPASS,WLS_TWFE,serious_per_100k,,,,,,,8034.0,8034.0,0.5943490166791138,night_alert|log_spillover_commuters,log_spillover_commuters,missing_coefficient,,,,,,
fit_status,partial,spillover_joint,IDCOMPASS,PPML_raw_count,serious_inj,,,,,,,8034.0,5162.0,0.5943490166791138,night_alert|log_spillover_commuters,log_spillover_commuters,missing_coefficient,,,,,,
fit_status,failed,direct_vs_clean,IDCOMPASS,WLS_TWFE,serious_per_100k,,,,,,,7911.0,0.0,0.5944886866388572,night_alert,,"
            All variables are collinear. Maybe your model specification introduces multicollinearity? If not, please reach out to the package authors!.
            ",,,,,,
fit_status,ok,spillover_joint,IL,WLS_TWFE,crashes_per_100k,,,,,,,298044.0,298044.0,0.319020010468253,night_alert|log_spillover_commuters,night_alert|log_spillover_commuters,,,,,,,
fit_status,ok,spillover_joint,IL,PPML_raw_count,crashes,,,,,,,298044.0,298044.0,0.319020010468253,night_alert|log_spillover_commuters,night_alert|log_spillover_commuters,,,,,,,
fit_status,ok,direct_vs_clean,IL,WLS_TWFE,crashes_per_100k,,,,,,,296239.0,296239.0,0.32020767015821683,night_alert,night_alert,,,,,,,
fit_status,ok,spillover_joint,IL,WLS_TWFE,fatals_per_100k,,,,,,,298044.0,298044.0,0.9751110574277624,night_alert|log_spillover_commuters,night_alert|log_spillover_commuters,,,,,,,
fit_status,ok,spillover_joint,IL,PPML_raw_count,fatals,,,,,,,298044.0,278256.0,0.9751110574277624,night_alert|log_spillover_commuters,night_alert|log_spillover_commuters,,,,,,,
fit_status,ok,direct_vs_clean,IL,WLS_TWFE,fatals_per_100k,,,,,,,296239.0,296239.0,0.97552651744031,night_alert,night_alert,,,,,,,
fit_status,ok,spillover_joint,IL,WLS_TWFE,serious_per_100k,,,,,,,298044.0,298044.0,0.8814134825730429,night_alert|log_spillover_commuters,night_alert|log_spillover_commuters,,,,,,,
fit_status,ok,spillover_joint,IL,PPML_raw_count,serious_inj,,,,,,,298044.0,298044.0,0.8814134825730429,night_alert|log_spillover_commuters,night_alert|log_spillover_commuters,,,,,,,
fit_status,ok,direct_vs_clean,IL,WLS_TWFE,serious_per_100k,,,,,,,296239.0,296239.0,0.8827331985322662,night_alert,night_alert,,,,,,,
fit_status,skipped,spillover_joint,INMPO,WLS_TWFE,crashes_per_100k,,,,,,,0.0,0.0,,night_alert,,insufficient_estimable_sample,,,,,,
fit_status,skipped,spillover_joint,INMPO,PPML_raw_count,crashes,,,,,,,0.0,0.0,,night_alert|log_spillover_commuters,,insufficient_estimable_sample,,,,,,
fit_status,skipped,direct_vs_clean,INMPO,WLS_TWFE,crashes_per_100k,,,,,,,0.0,0.0,,night_alert,,insufficient_estimable_sample,,,,,,
fit_status,skipped,spillover_joint,INMPO,WLS_TWFE,fatals_per_100k,,,,,,,17528.0,0.0,0.9388977635782748,night_alert|log_spillover_commuters,,insufficient_estimable_sample,,,,,,
fit_status,skipped,spillover_joint,INMPO,PPML_raw_count,fatals,,,,,,,17528.0,0.0,0.9388977635782748,night_alert|log_spillover_commuters,,insufficient_estimable_sample,,,,,,
fit_status,skipped,direct_vs_clean,INMPO,WLS_TWFE,fatals_per_100k,,,,,,,17233.0,0.0,0.940172924041084,night_alert,,insufficient_estimable_sample,,,,,,
fit_status,skipped,spillover_joint,INMPO,WLS_TWFE,serious_per_100k,,,,,,,17528.0,0.0,0.7906777727065267,night_alert|log_spillover_commuters,,insufficient_estimable_sample,,,,,,
fit_status,skipped,spillover_joint,INMPO,PPML_raw_count,serious_inj,,,,,,,17528.0,0.0,0.7906777727065267,night_alert|log_spillover_commuters,,insufficient_estimable_sample,,,,,,
fit_status,skipped,direct_vs_clean,INMPO,WLS_TWFE,serious_per_100k,,,,,,,17233.0,0.0,0.7943480531538327,night_alert,,insufficient_estimable_sample,,,,,,
fit_status,skipped,spillover_joint,MA,WLS_TWFE,crashes_per_100k,,,,,,,40908.0,0.0,0.08775789576610932,night_alert|log_spillover_commuters,,insufficient_estimable_sample,,,,,,
fit_status,skipped,spillover_joint,MA,PPML_raw_count,crashes,,,,,,,40908.0,0.0,0.08775789576610932,night_alert|log_spillover_commuters,,insufficient_estimable_sample,,,,,,
fit_status,skipped,direct_vs_clean,MA,WLS_TWFE,crashes_per_100k,,,,,,,40231.0,0.0,0.08888667942631304,night_alert,,insufficient_estimable_sample,,,,,,
fit_status,skipped,spillover_joint,MA,WLS_TWFE,fatals_per_100k,,,,,,,40908.0,0.0,0.9376894494964311,night_alert|log_spillover_commuters,,insufficient_estimable_sample,,,,,,
fit_status,skipped,spillover_joint,MA,PPML_raw_count,fatals,,,,,,,40908.0,0.0,0.9376894494964311,night_alert|log_spillover_commuters,,insufficient_estimable_sample,,,,,,
fit_status,skipped,direct_vs_clean,MA,WLS_TWFE,fatals_per_100k,,,,,,,40231.0,0.0,0.9380577166861376,night_alert,,insufficient_estimable_sample,,,,,,
fit_status,skipped,spillover_joint,MA,WLS_TWFE,serious_per_100k,,,,,,,0.0,0.0,,night_alert,,insufficient_estimable_sample,,,,,,
fit_status,skipped,spillover_joint,MA,PPML_raw_count,serious_inj,,,,,,,0.0,0.0,,night_alert|log_spillover_commuters,,insufficient_estimable_sample,,,,,,
fit_status,skipped,direct_vs_clean,MA,WLS_TWFE,serious_per_100k,,,,,,,0.0,0.0,,night_alert,,insufficient_estimable_sample,,,,,,
fit_status,ok,spillover_joint,NC,WLS_TWFE,crashes_per_100k,,,,,,,109500.0,109500.0,0.1438082191780822,night_alert|log_spillover_commuters,night_alert|log_spillover_commuters,,,,,,,
fit_status,ok,spillover_joint,NC,PPML_raw_count,crashes,,,,,,,109500.0,109500.0,0.1438082191780822,night_alert|log_spillover_commuters,night_alert|log_spillover_commuters,,,,,,,
fit_status,ok,direct_vs_clean,NC,WLS_TWFE,crashes_per_100k,,,,,,,108919.0,108919.0,0.14424480577309745,night_alert,night_alert,,,,,,,
fit_status,ok,spillover_joint,NC,WLS_TWFE,fatals_per_100k,,,,,,,109500.0,109500.0,0.9573789954337899,night_alert|log_spillover_commuters,night_alert|log_spillover_commuters,,,,,,,
fit_status,ok,spillover_joint,NC,PPML_raw_count,fatals,,,,,,,109500.0,108600.0,0.9573789954337899,night_alert|log_spillover_commuters,night_alert|log_spillover_commuters,,,,,,,
fit_status,ok,direct_vs_clean,NC,WLS_TWFE,fatals_per_100k,,,,,,,108919.0,108919.0,0.9575647958574721,night_alert,night_alert,,,,,,,
fit_status,ok,spillover_joint,NC,WLS_TWFE,serious_per_100k,,,,,,,109500.0,109500.0,0.8892876712328767,night_alert|log_spillover_commuters,night_alert|log_spillover_commuters,,,,,,,
fit_status,ok,spillover_joint,NC,PPML_raw_count,serious_inj,,,,,,,109500.0,109500.0,0.8892876712328767,night_alert|log_spillover_commuters,night_alert|log_spillover_commuters,,,,,,,
fit_status,ok,direct_vs_clean,NC,WLS_TWFE,serious_per_100k,,,,,,,108919.0,108919.0,0.8898539281484406,night_alert,night_alert,,,,,,,
fit_status,ok,spillover_joint,NY,WLS_TWFE,crashes_per_100k,,,,,,,67890.0,67890.0,0.03857711003093239,night_alert|log_spillover_commuters,night_alert|log_spillover_commuters,,,,,,,
fit_status,ok,spillover_joint,NY,PPML_raw_count,crashes,,,,,,,67890.0,67890.0,0.03857711003093239,night_alert|log_spillover_commuters,night_alert|log_spillover_commuters,,,,,,,
fit_status,failed,direct_vs_clean,NY,WLS_TWFE,crashes_per_100k,,,,,,,67151.0,67151.0,0.038942085747047696,night_alert,,nonfinite_coefficient,,,,,,
fit_status,skipped,spillover_joint,NY,WLS_TWFE,fatals_per_100k,,,,,,,0.0,0.0,,night_alert,,insufficient_estimable_sample,,,,,,
fit_status,skipped,spillover_joint,NY,PPML_raw_count,fatals,,,,,,,0.0,0.0,,night_alert|log_spillover_commuters,,insufficient_estimable_sample,,,,,,
fit_status,skipped,direct_vs_clean,NY,WLS_TWFE,fatals_per_100k,,,,,,,0.0,0.0,,night_alert,,insufficient_estimable_sample,,,,,,
fit_status,skipped,spillover_joint,NY,WLS_TWFE,serious_per_100k,,,,,,,0.0,0.0,,night_alert,,insufficient_estimable_sample,,,,,,
fit_status,skipped,spillover_joint,NY,PPML_raw_count,serious_inj,,,,,,,0.0,0.0,,night_alert|log_spillover_commuters,,insufficient_estimable_sample,,,,,,
fit_status,skipped,direct_vs_clean,NY,WLS_TWFE,serious_per_100k,,,,,,,0.0,0.0,,night_alert,,insufficient_estimable_sample,,,,,,
fit_status,ok,spillover_joint,OR,WLS_TWFE,crashes_per_100k,,,,,,,65736.0,65736.0,0.33964646464646464,night_alert|log_spillover_commuters,night_alert|log_spillover_commuters,,,,,,,
fit_status,ok,spillover_joint,OR,PPML_raw_count,crashes,,,,,,,65736.0,65736.0,0.33964646464646464,night_alert|log_spillover_commuters,night_alert|log_spillover_commuters,,,,,,,
fit_status,ok,direct_vs_clean,OR,WLS_TWFE,crashes_per_100k,,,,,,,65277.0,65277.0,0.3413453436892014,night_alert,night_alert,,,,,,,
fit_status,partial,spillover_joint,OR,WLS_TWFE,fatals_per_100k,,,,,,,65736.0,65736.0,0.9627905561640502,night_alert|log_spillover_commuters,log_spillover_commuters,nonfinite_coefficient,,,,,,
fit_status,partial,spillover_joint,OR,PPML_raw_count,fatals,,,,,,,65736.0,48528.0,0.9627905561640502,night_alert|log_spillover_commuters,log_spillover_commuters,nonfinite_coefficient,,,,,,
fit_status,failed,direct_vs_clean,OR,WLS_TWFE,fatals_per_100k,,,,,,,65277.0,65277.0,0.9631723271596427,night_alert,,nonfinite_coefficient,,,,,,
fit_status,ok,spillover_joint,OR,WLS_TWFE,serious_per_100k,,,,,,,65736.0,65736.0,0.8622520384568577,night_alert|log_spillover_commuters,night_alert|log_spillover_commuters,,,,,,,
fit_status,ok,spillover_joint,OR,PPML_raw_count,serious_inj,,,,,,,65736.0,64800.0,0.8622520384568577,night_alert|log_spillover_commuters,night_alert|log_spillover_commuters,,,,,,,
fit_status,ok,direct_vs_clean,OR,WLS_TWFE,serious_per_100k,,,,,,,65277.0,65277.0,0.8634587986580265,night_alert,night_alert,,,,,,,
fit_status,skipped,spillover_joint,TN,WLS_TWFE,crashes_per_100k,,,,,,,104025.0,0.0,0.26820475847152125,night_alert|log_spillover_commuters,,insufficient_estimable_sample,,,,,,
fit_status,skipped,spillover_joint,TN,PPML_raw_count,crashes,,,,,,,104025.0,0.0,0.26820475847152125,night_alert|log_spillover_commuters,,insufficient_estimable_sample,,,,,,
fit_status,skipped,direct_vs_clean,TN,WLS_TWFE,crashes_per_100k,,,,,,,103692.0,0.0,0.2688635574586275,night_alert,,insufficient_estimable_sample,,,,,,
fit_status,skipped,spillover_joint,TN,WLS_TWFE,fatals_per_100k,,,,,,,104025.0,0.0,0.966565729391973,night_alert|log_spillover_commuters,,insufficient_estimable_sample,,,,,,
fit_status,skipped,spillover_joint,TN,PPML_raw_count,fatals,,,,,,,104025.0,0.0,0.966565729391973,night_alert|log_spillover_commuters,,insufficient_estimable_sample,,,,,,
fit_status,skipped,direct_vs_clean,TN,WLS_TWFE,fatals_per_100k,,,,,,,103692.0,0.0,0.9669887744474019,night_alert,,insufficient_estimable_sample,,,,,,
fit_status,skipped,spillover_joint,TN,WLS_TWFE,serious_per_100k,,,,,,,104025.0,0.0,0.8830569574621485,night_alert|log_spillover_commuters,,insufficient_estimable_sample,,,,,,
fit_status,skipped,spillover_joint,TN,PPML_raw_count,serious_inj,,,,,,,104025.0,0.0,0.8830569574621485,night_alert|log_spillover_commuters,,insufficient_estimable_sample,,,,,,
fit_status,skipped,direct_vs_clean,TN,WLS_TWFE,serious_per_100k,,,,,,,103692.0,0.0,0.8839544034255294,night_alert,,insufficient_estimable_sample,,,,,,
fit_status,ok,spillover_joint,TX,WLS_TWFE,crashes_per_100k,,,,,,,371094.0,371094.0,0.4391690515071653,night_alert|log_spillover_commuters,night_alert|log_spillover_commuters,,,,,,,
fit_status,ok,spillover_joint,TX,PPML_raw_count,crashes,,,,,,,371094.0,371094.0,0.4391690515071653,night_alert|log_spillover_commuters,night_alert|log_spillover_commuters,,,,,,,
fit_status,ok,direct_vs_clean,TX,WLS_TWFE,crashes_per_100k,,,,,,,369121.0,369121.0,0.44061432430016173,night_alert,night_alert,,,,,,,
fit_status,ok,spillover_joint,TX,WLS_TWFE,fatals_per_100k,,,,,,,371094.0,371094.0,0.9642273925204935,night_alert|log_spillover_commuters,night_alert|log_spillover_commuters,,,,,,,
fit_status,ok,spillover_joint,TX,PPML_raw_count,fatals,,,,,,,371094.0,365250.0,0.9642273925204935,night_alert|log_spillover_commuters,night_alert|log_spillover_commuters,,,,,,,
fit_status,ok,direct_vs_clean,TX,WLS_TWFE,fatals_per_100k,,,,,,,369121.0,369121.0,0.9648733071269313,night_alert,night_alert,,,,,,,
fit_status,ok,spillover_joint,TX,WLS_TWFE,serious_per_100k,,,,,,,371094.0,371094.0,0.8965491223248018,night_alert|log_spillover_commuters,night_alert|log_spillover_commuters,,,,,,,
fit_status,ok,spillover_joint,TX,PPML_raw_count,serious_inj,,,,,,,371094.0,371094.0,0.8965491223248018,night_alert|log_spillover_commuters,night_alert|log_spillover_commuters,,,,,,,
fit_status,ok,direct_vs_clean,TX,WLS_TWFE,serious_per_100k,,,,,,,369121.0,369121.0,0.8978492147561369,night_alert,night_alert,,,,,,,
fit_status,skipped,spillover_joint,UT,WLS_TWFE,crashes_per_100k,,,,,,,63539.0,0.0,0.3612741780638663,night_alert|log_spillover_commuters,,insufficient_estimable_sample,,,,,,
fit_status,skipped,spillover_joint,UT,PPML_raw_count,crashes,,,,,,,63539.0,0.0,0.3612741780638663,night_alert|log_spillover_commuters,,insufficient_estimable_sample,,,,,,
fit_status,skipped,direct_vs_clean,UT,WLS_TWFE,crashes_per_100k,,,,,,,63099.0,0.0,0.36333380877668425,night_alert,,insufficient_estimable_sample,,,,,,
fit_status,skipped,spillover_joint,UT,WLS_TWFE,fatals_per_100k,,,,,,,63539.0,0.0,0.9765813122649082,night_alert|log_spillover_commuters,,insufficient_estimable_sample,,,,,,
fit_status,skipped,spillover_joint,UT,PPML_raw_count,fatals,,,,,,,63539.0,0.0,0.9765813122649082,night_alert|log_spillover_commuters,,insufficient_estimable_sample,,,,,,
fit_status,skipped,direct_vs_clean,UT,WLS_TWFE,fatals_per_100k,,,,,,,63099.0,0.0,0.9769568455918477,night_alert,,insufficient_estimable_sample,,,,,,
fit_status,skipped,spillover_joint,UT,WLS_TWFE,serious_per_100k,,,,,,,63539.0,0.0,0.90061222241458,night_alert|log_spillover_commuters,,insufficient_estimable_sample,,,,,,
fit_status,skipped,spillover_joint,UT,PPML_raw_count,serious_inj,,,,,,,63539.0,0.0,0.90061222241458,night_alert|log_spillover_commuters,,insufficient_estimable_sample,,,,,,
fit_status,skipped,direct_vs_clean,UT,WLS_TWFE,serious_per_100k,,,,,,,63099.0,0.0,0.902090365932899,night_alert,,insufficient_estimable_sample,,,,,,
fit_status,ok,spillover_joint,VA,WLS_TWFE,crashes_per_100k,,,,,,,339948.0,339948.0,0.37218045112781956,night_alert|log_spillover_commuters,night_alert|log_spillover_commuters,,,,,,,
fit_status,ok,spillover_joint,VA,PPML_raw_count,crashes,,,,,,,339948.0,339948.0,0.37218045112781956,night_alert|log_spillover_commuters,night_alert|log_spillover_commuters,,,,,,,
fit_status,ok,direct_vs_clean,VA,WLS_TWFE,crashes_per_100k,,,,,,,338067.0,338067.0,0.3734289356843466,night_alert,night_alert,,,,,,,
fit_status,ok,spillover_joint,VA,WLS_TWFE,fatals_per_100k,,,,,,,339948.0,339948.0,0.983179780437008,night_alert|log_spillover_commuters,night_alert|log_spillover_commuters,,,,,,,
fit_status,ok,spillover_joint,VA,PPML_raw_count,fatals,,,,,,,339948.0,293800.0,0.983179780437008,night_alert|log_spillover_commuters,night_alert|log_spillover_commuters,,,,,,,
fit_status,failed,direct_vs_clean,VA,WLS_TWFE,fatals_per_100k,,,,,,,338067.0,338067.0,0.983207470708469,night_alert,,nonfinite_coefficient,,,,,,
fit_status,skipped,spillover_joint,VA,WLS_TWFE,serious_per_100k,,,,,,,0.0,0.0,,night_alert,,insufficient_estimable_sample,,,,,,
fit_status,skipped,spillover_joint,VA,PPML_raw_count,serious_inj,,,,,,,0.0,0.0,,night_alert|log_spillover_commuters,,insufficient_estimable_sample,,,,,,
fit_status,skipped,direct_vs_clean,VA,WLS_TWFE,serious_per_100k,,,,,,,0.0,0.0,,night_alert,,insufficient_estimable_sample,,,,,,
fit_status,ok,spillover_joint,WI,WLS_TWFE,crashes_per_100k,,,,,,,289224.0,289224.0,0.20855807263574253,night_alert|log_spillover_commuters,night_alert|log_spillover_commuters,,,,,,,
fit_status,ok,spillover_joint,WI,PPML_raw_count,crashes,,,,,,,289224.0,289224.0,0.20855807263574253,night_alert|log_spillover_commuters,night_alert|log_spillover_commuters,,,,,,,
fit_status,ok,direct_vs_clean,WI,WLS_TWFE,crashes_per_100k,,,,,,,287628.0,287628.0,0.20927030748049563,night_alert,night_alert,,,,,,,
fit_status,partial,spillover_joint,WI,WLS_TWFE,fatals_per_100k,,,,,,,289224.0,289224.0,0.9807934334633364,night_alert|log_spillover_commuters,log_spillover_commuters,nonfinite_coefficient,,,,,,
fit_status,ok,spillover_joint,WI,PPML_raw_count,fatals,,,,,,,289224.0,212328.0,0.9807934334633364,night_alert|log_spillover_commuters,night_alert|log_spillover_commuters,,,,,,,
fit_status,ok,direct_vs_clean,WI,WLS_TWFE,fatals_per_100k,,,,,,,287628.0,287628.0,0.9809510896018468,night_alert,night_alert,,,,,,,
fit_status,skipped,spillover_joint,WI,WLS_TWFE,serious_per_100k,,,,,,,0.0,0.0,,night_alert,,insufficient_estimable_sample,,,,,,
fit_status,skipped,spillover_joint,WI,PPML_raw_count,serious_inj,,,,,,,0.0,0.0,,night_alert|log_spillover_commuters,,insufficient_estimable_sample,,,,,,
fit_status,skipped,direct_vs_clean,WI,WLS_TWFE,serious_per_100k,,,,,,,0.0,0.0,,night_alert,,insufficient_estimable_sample,,,,,,
model_count_summary,,,,,,,,,,,,,,,,,,,,171.0,85.0,268.0,129.0
